model,feature,importance
rfc_smote,civilian_targeting,0.02027187385444027
rfc_smote,fatalities,0.08704995105553452
rfc_smote,violence_against_women,3.8503183258888405e-06
rfc_smote,sub_event_type_Abduction/forced disappearance,2.1648473465665603e-05
rfc_smote,sub_event_type_Air/drone strike,0.0
rfc_smote,sub_event_type_Armed clash,0.02000482773277705
rfc_smote,sub_event_type_Attack,0.002874187683984916
rfc_smote,sub_event_type_Government regains territory,0.0
rfc_smote,sub_event_type_Grenade,3.72929117859643e-06
rfc_smote,sub_event_type_Non-state actor overtakes territory,0.00031227990310758925
rfc_smote,sub_event_type_Remote explosive/landmine/IED,0.00047506113437242794
rfc_smote,sub_event_type_Sexual violence,0.0
rfc_smote,sub_event_type_Shelling/artillery/missile attack,0.00025263240297815283
rfc_smote,sub_event_type_Suicide bomb,8.899669461955194e-05
rfc_smote,notes_emb_0,0.003432923546673829
rfc_smote,notes_emb_1,0.0010532548903340938
rfc_smote,notes_emb_2,0.0022136103778460873
rfc_smote,notes_emb_3,0.0016625187611058467
rfc_smote,notes_emb_4,0.0037467039667111145
rfc_smote,notes_emb_5,0.0015907310344584905
rfc_smote,notes_emb_6,0.00142137727816732
rfc_smote,notes_emb_7,0.0013495269293487184
rfc_smote,notes_emb_8,0.003237213154252923
rfc_smote,notes_emb_9,0.002119574544517677
rfc_smote,notes_emb_10,0.0019056636991956401
rfc_smote,notes_emb_11,0.0011497226497812609
rfc_smote,notes_emb_12,0.002511543134323395
rfc_smote,notes_emb_13,0.0009261950285828524
rfc_smote,notes_emb_14,0.001006571031523845
rfc_smote,notes_emb_15,0.0019013545882861588
rfc_smote,notes_emb_16,0.002661018644243541
rfc_smote,notes_emb_17,0.0020854056990199975
rfc_smote,notes_emb_18,0.00199958554106091
rfc_smote,notes_emb_19,0.0013260454167586123
rfc_smote,notes_emb_20,0.0018165270980888468
rfc_smote,notes_emb_21,0.0019058836877707502
rfc_smote,notes_emb_22,0.0016242009660687867
rfc_smote,notes_emb_23,0.002600058669635544
rfc_smote,notes_emb_24,0.0036993994573152867
rfc_smote,notes_emb_25,0.0017969422349546765
rfc_smote,notes_emb_26,0.0015572002398348145
rfc_smote,notes_emb_27,0.0023761927614161372
rfc_smote,notes_emb_28,0.0015071949841637313
rfc_smote,notes_emb_29,0.003013334128590903
rfc_smote,notes_emb_30,0.0011547717967508048
rfc_smote,notes_emb_31,0.0016004713228771341
rfc_smote,notes_emb_32,0.0015713657698768473
rfc_smote,notes_emb_33,0.0015922785799726818
rfc_smote,notes_emb_34,0.0016922573213141012
rfc_smote,notes_emb_35,0.001509191356247922
rfc_smote,notes_emb_36,0.0019728754979488096
rfc_smote,notes_emb_37,0.0014720146528322674
rfc_smote,notes_emb_38,0.0024518820049752306
rfc_smote,notes_emb_39,0.0012121810807208006
rfc_smote,notes_emb_40,0.003104589140790787
rfc_smote,notes_emb_41,0.00233112292800133
rfc_smote,notes_emb_42,0.0012019430198390451
rfc_smote,notes_emb_43,0.0011626002594401078
rfc_smote,notes_emb_44,0.0034353366220613783
rfc_smote,notes_emb_45,0.0015347984035380706
rfc_smote,notes_emb_46,0.0016238305897726636
rfc_smote,notes_emb_47,0.001778561087492185
rfc_smote,notes_emb_48,0.0012770305438251368
rfc_smote,notes_emb_49,0.002613567800173653
rfc_smote,notes_emb_50,0.0022324203785224405
rfc_smote,notes_emb_51,0.00176610599479341
rfc_smote,notes_emb_52,0.0029394477964057174
rfc_smote,notes_emb_53,0.003431458959060151
rfc_smote,notes_emb_54,0.001962483093541981
rfc_smote,notes_emb_55,0.0019065676495464195
rfc_smote,notes_emb_56,0.0025941964614599666
rfc_smote,notes_emb_57,0.0019078342768543014
rfc_smote,notes_emb_58,0.0008710189161124679
rfc_smote,notes_emb_59,0.0013194350557086596
rfc_smote,notes_emb_60,0.0013520317615348496
rfc_smote,notes_emb_61,0.0015473021471325676
rfc_smote,notes_emb_62,0.0022185265038087874
rfc_smote,notes_emb_63,0.001689510951207469
rfc_smote,notes_emb_64,0.00208730633200198
rfc_smote,notes_emb_65,0.01281801016174539
rfc_smote,notes_emb_66,0.003336433919704766
rfc_smote,notes_emb_67,0.002194150383399263
rfc_smote,notes_emb_68,0.0013991317042624579
rfc_smote,notes_emb_69,0.004215798853758749
rfc_smote,notes_emb_70,0.0014514656172454148
rfc_smote,notes_emb_71,0.005018357454991411
rfc_smote,notes_emb_72,0.007742900434498927
rfc_smote,notes_emb_73,0.001588344268557593
rfc_smote,notes_emb_74,0.0030156273476257384
rfc_smote,notes_emb_75,0.00186107935502225
rfc_smote,notes_emb_76,0.0016234316439263006
rfc_smote,notes_emb_77,0.0015592587869229912
rfc_smote,notes_emb_78,0.0019735597220221584
rfc_smote,notes_emb_79,0.0014919648551796753
rfc_smote,notes_emb_80,0.0015002047474042836
rfc_smote,notes_emb_81,0.0012427650832380708
rfc_smote,notes_emb_82,0.002497225852186403
rfc_smote,notes_emb_83,0.0014007018358644652
rfc_smote,notes_emb_84,0.0024129125040187323
rfc_smote,notes_emb_85,0.0012282083203656634
rfc_smote,notes_emb_86,0.0013649381767027362
rfc_smote,notes_emb_87,0.001987540465796564
rfc_smote,notes_emb_88,0.0032337129857442043
rfc_smote,notes_emb_89,0.002134245650967464
rfc_smote,notes_emb_90,0.0019575143842737934
rfc_smote,notes_emb_91,0.007643558881651329
rfc_smote,notes_emb_92,0.0014812192024247794
rfc_smote,notes_emb_93,0.0017049087797971752
rfc_smote,notes_emb_94,0.0011561225349761646
rfc_smote,notes_emb_95,0.0013600454186412396
rfc_smote,notes_emb_96,0.0012461410244990624
rfc_smote,notes_emb_97,0.0013800992763148404
rfc_smote,notes_emb_98,0.0016241205731178743
rfc_smote,notes_emb_99,0.0017842283958069032
rfc_smote,notes_emb_100,0.002172882058211103
rfc_smote,notes_emb_101,0.0044704853903106585
rfc_smote,notes_emb_102,0.002489595844347528
rfc_smote,notes_emb_103,0.0011949469527323161
rfc_smote,notes_emb_104,0.0037203621824162254
rfc_smote,notes_emb_105,0.0010280970924423057
rfc_smote,notes_emb_106,0.0014362112728699946
rfc_smote,notes_emb_107,0.0039596113599629345
rfc_smote,notes_emb_108,0.0010287326082805155
rfc_smote,notes_emb_109,0.001395676886555645
rfc_smote,notes_emb_110,0.0013507670853085902
rfc_smote,notes_emb_111,0.0012228360014899374
rfc_smote,notes_emb_112,0.002048960804269426
rfc_smote,notes_emb_113,0.0009679483774222307
rfc_smote,notes_emb_114,0.016471946093060595
rfc_smote,notes_emb_115,0.0015241694400062922
rfc_smote,notes_emb_116,0.0017554848234308245
rfc_smote,notes_emb_117,0.0018742394915879875
rfc_smote,notes_emb_118,0.0020375314554924215
rfc_smote,notes_emb_119,0.00926957440469221
rfc_smote,notes_emb_120,0.0014052198645844063
rfc_smote,notes_emb_121,0.0011153464167265319
rfc_smote,notes_emb_122,0.0015264903488156978
rfc_smote,notes_emb_123,0.004426648966408668
rfc_smote,notes_emb_124,0.003744408225097073
rfc_smote,notes_emb_125,0.0025532011341256643
rfc_smote,notes_emb_126,0.0017645321107604248
rfc_smote,notes_emb_127,0.003037279617481441
rfc_smote,notes_emb_128,0.0012977113857860836
rfc_smote,notes_emb_129,0.0011765295434087465
rfc_smote,notes_emb_130,0.0018730200531689998
rfc_smote,notes_emb_131,0.001819569293122136
rfc_smote,notes_emb_132,0.00374033236359008
rfc_smote,notes_emb_133,0.0012415000279325653
rfc_smote,notes_emb_134,0.0011478582591613663
rfc_smote,notes_emb_135,0.0034706376956891464
rfc_smote,notes_emb_136,0.0012157704624299345
rfc_smote,notes_emb_137,0.0016897478155760539
rfc_smote,notes_emb_138,0.004254515255230713
rfc_smote,notes_emb_139,0.0015102463982305258
rfc_smote,notes_emb_140,0.001588946173473273
rfc_smote,notes_emb_141,0.0010991879353200607
rfc_smote,notes_emb_142,0.0017776732601887334
rfc_smote,notes_emb_143,0.002017162457416023
rfc_smote,notes_emb_144,0.0029096198771827253
rfc_smote,notes_emb_145,0.0014059698796053974
rfc_smote,notes_emb_146,0.0013644381298020757
rfc_smote,notes_emb_147,0.0017841996928863394
rfc_smote,notes_emb_148,0.001142896403371375
rfc_smote,notes_emb_149,0.001649283867334744
rfc_smote,notes_emb_150,0.002653048856667024
rfc_smote,notes_emb_151,0.001992291417837319
rfc_smote,notes_emb_152,0.001389764352316988
rfc_smote,notes_emb_153,0.001639555933517753
rfc_smote,notes_emb_154,0.0013697917929727352
rfc_smote,notes_emb_155,0.0011406135567429325
rfc_smote,notes_emb_156,0.0027538900384916905
rfc_smote,notes_emb_157,0.0012112337512543924
rfc_smote,notes_emb_158,0.001401616715848823
rfc_smote,notes_emb_159,0.0014103002108023397
rfc_smote,notes_emb_160,0.0021938668262184366
rfc_smote,notes_emb_161,0.004424547273653012
rfc_smote,notes_emb_162,0.003042775681974048
rfc_smote,notes_emb_163,0.0021814371330697276
rfc_smote,notes_emb_164,0.0015969660211539013
rfc_smote,notes_emb_165,0.0027888391308471218
rfc_smote,notes_emb_166,0.0010272562325670035
rfc_smote,notes_emb_167,0.003135645695487376
rfc_smote,notes_emb_168,0.0027426385868497883
rfc_smote,notes_emb_169,0.0038371832883820245
rfc_smote,notes_emb_170,0.0018401091942128636
rfc_smote,notes_emb_171,0.0010122572508683332
rfc_smote,notes_emb_172,0.0016002460631388258
rfc_smote,notes_emb_173,0.0015366547539035409
rfc_smote,notes_emb_174,0.0018592797298795894
rfc_smote,notes_emb_175,0.0022288133136934775
rfc_smote,notes_emb_176,0.0012102449398744954
rfc_smote,notes_emb_177,0.0014472191816736145
rfc_smote,notes_emb_178,0.0014069769259338282
rfc_smote,notes_emb_179,0.0028480596508882613
rfc_smote,notes_emb_180,0.001983820426680455
rfc_smote,notes_emb_181,0.0018990716207477115
rfc_smote,notes_emb_182,0.009483153079428909
rfc_smote,notes_emb_183,0.0018411303398296341
rfc_smote,notes_emb_184,0.0014277200562899132
rfc_smote,notes_emb_185,0.0011377502286346397
rfc_smote,notes_emb_186,0.0017514211630746332
rfc_smote,notes_emb_187,0.0018737443582404162
rfc_smote,notes_emb_188,0.001993205940691229
rfc_smote,notes_emb_189,0.0014725568940728594
rfc_smote,notes_emb_190,0.0028888178391697377
rfc_smote,notes_emb_191,0.0022209074163859074
rfc_smote,notes_emb_192,0.0013083851656150317
rfc_smote,notes_emb_193,0.0021422762125073423
rfc_smote,notes_emb_194,0.000948412438310478
rfc_smote,notes_emb_195,0.0021811267900339383
rfc_smote,notes_emb_196,0.002484705771044265
rfc_smote,notes_emb_197,0.0021672963191328894
rfc_smote,notes_emb_198,0.002044532591558565
rfc_smote,notes_emb_199,0.0021157904466126286
rfc_smote,notes_emb_200,0.0009357988048483646
rfc_smote,notes_emb_201,0.0012966288603796794
rfc_smote,notes_emb_202,0.0018818410998031154
rfc_smote,notes_emb_203,0.001501075629345951
rfc_smote,notes_emb_204,0.001870250698598077
rfc_smote,notes_emb_205,0.001050464070506583
rfc_smote,notes_emb_206,0.0017108661394822518
rfc_smote,notes_emb_207,0.0013604608838004586
rfc_smote,notes_emb_208,0.0020214204322581246
rfc_smote,notes_emb_209,0.0010384384948898106
rfc_smote,notes_emb_210,0.0012902140767085324
rfc_smote,notes_emb_211,0.003245712515288695
rfc_smote,notes_emb_212,0.0016275201681993955
rfc_smote,notes_emb_213,0.0015183129485828205
rfc_smote,notes_emb_214,0.003271096909934387
rfc_smote,notes_emb_215,0.0011442893016836721
rfc_smote,notes_emb_216,0.0017275462093085036
rfc_smote,notes_emb_217,0.0017851767876914178
rfc_smote,notes_emb_218,0.001000277065892527
rfc_smote,notes_emb_219,0.0015087601947992295
rfc_smote,notes_emb_220,0.0014052915275691593
rfc_smote,notes_emb_221,0.0025535671332812967
rfc_smote,notes_emb_222,0.0036511204315331884
rfc_smote,notes_emb_223,0.0023440011153312086
rfc_smote,notes_emb_224,0.002051721487547267
rfc_smote,notes_emb_225,0.004612216416559187
rfc_smote,notes_emb_226,0.0016190145934677632
rfc_smote,notes_emb_227,0.0019407860512094437
rfc_smote,notes_emb_228,0.001406980271174693
rfc_smote,notes_emb_229,0.0016060717497592613
rfc_smote,notes_emb_230,0.0011066902308736115
rfc_smote,notes_emb_231,0.0012057277192936509
rfc_smote,notes_emb_232,0.003048328098676175
rfc_smote,notes_emb_233,0.0014983998507447163
rfc_smote,notes_emb_234,0.0019052053268006966
rfc_smote,notes_emb_235,0.0014527316039673964
rfc_smote,notes_emb_236,0.001493335846183229
rfc_smote,notes_emb_237,0.001118573399720495
rfc_smote,notes_emb_238,0.002200176729379269
rfc_smote,notes_emb_239,0.0010149396106614904
rfc_smote,notes_emb_240,0.0021245215259508266
rfc_smote,notes_emb_241,0.0018136144588097361
rfc_smote,notes_emb_242,0.001024305030224877
rfc_smote,notes_emb_243,0.0015833807373138197
rfc_smote,notes_emb_244,0.0016294361805487007
rfc_smote,notes_emb_245,0.001140244870019896
rfc_smote,notes_emb_246,0.001344183701360121
rfc_smote,notes_emb_247,0.0038575076431051816
rfc_smote,notes_emb_248,0.0018578000755311228
rfc_smote,notes_emb_249,0.0013313626679289253
rfc_smote,notes_emb_250,0.0012210165849949153
rfc_smote,notes_emb_251,0.002460733671515921
rfc_smote,notes_emb_252,0.002341036435745536
rfc_smote,notes_emb_253,0.016678084826567935
rfc_smote,notes_emb_254,0.0013506552110563233
rfc_smote,notes_emb_255,0.01137304463334108
rfc_smote,notes_emb_256,0.005878689273960461
rfc_smote,notes_emb_257,0.0012060488293312015
rfc_smote,notes_emb_258,0.0011549186420258073
rfc_smote,notes_emb_259,0.0013961839914744527
rfc_smote,notes_emb_260,0.0013441193580346778
rfc_smote,notes_emb_261,0.0014732505404926354
rfc_smote,notes_emb_262,0.0014616325807197805
rfc_smote,notes_emb_263,0.0028014033681374863
rfc_smote,notes_emb_264,0.007665040008723483
rfc_smote,notes_emb_265,0.0018229986417577378
rfc_smote,notes_emb_266,0.001486543590562567
rfc_smote,notes_emb_267,0.0057402207050294245
rfc_smote,notes_emb_268,0.0018141212514082908
rfc_smote,notes_emb_269,0.013173899792131728
rfc_smote,notes_emb_270,0.0010563709868175392
rfc_smote,notes_emb_271,0.0014168389150567195
rfc_smote,notes_emb_272,0.0050841245598733376
rfc_smote,notes_emb_273,0.012859208600085898
rfc_smote,notes_emb_274,0.0013498045377661062
rfc_smote,notes_emb_275,0.0017490662301815423
rfc_smote,notes_emb_276,0.0009563773146329374
rfc_smote,notes_emb_277,0.0014678234680668453
rfc_smote,notes_emb_278,0.0011835581413041144
rfc_smote,notes_emb_279,0.008402712888952247
rfc_smote,notes_emb_280,0.001683317385059827
rfc_smote,notes_emb_281,0.0014786686027549324
rfc_smote,notes_emb_282,0.0017115830590567161
rfc_smote,notes_emb_283,0.0013085007808558487
rfc_smote,notes_emb_284,0.0016402067717788352
rfc_smote,notes_emb_285,0.0016496166032576478
rfc_smote,notes_emb_286,0.0010811255683378434
rfc_smote,notes_emb_287,0.0009066652808266051
rfc_smote,notes_emb_288,0.0012917751430572763
rfc_smote,notes_emb_289,0.0013417497145962304
rfc_smote,notes_emb_290,0.0019144607988511302
rfc_smote,notes_emb_291,0.001315182271122823
rfc_smote,notes_emb_292,0.0012458353107298095
rfc_smote,notes_emb_293,0.0017487487936641568
rfc_smote,notes_emb_294,0.0016500289455437828
rfc_smote,notes_emb_295,0.0015751503021965594
rfc_smote,notes_emb_296,0.0012909955115565197
rfc_smote,notes_emb_297,0.0016939969162922334
rfc_smote,notes_emb_298,0.0036106541407965654
rfc_smote,notes_emb_299,0.0013869778207035589
rfc_smote,notes_emb_300,0.001119223749904943
rfc_smote,notes_emb_301,0.0018588777033078574
rfc_smote,notes_emb_302,0.0018727005451595743
rfc_smote,notes_emb_303,0.0019002822596365417
rfc_smote,notes_emb_304,0.0013125357812829616
rfc_smote,notes_emb_305,0.003965549167196925
rfc_smote,notes_emb_306,0.002256884494077028
rfc_smote,notes_emb_307,0.0025468054040234745
rfc_smote,notes_emb_308,0.006243283429251151
rfc_smote,notes_emb_309,0.0015160730188526848
rfc_smote,notes_emb_310,0.001428825742972935
rfc_smote,notes_emb_311,0.005036587151418367
rfc_smote,notes_emb_312,0.002114504681949191
rfc_smote,notes_emb_313,0.0011504716823468597
rfc_smote,notes_emb_314,0.0012756667659818799
rfc_smote,notes_emb_315,0.004466307713653733
rfc_smote,notes_emb_316,0.002144036583229256
rfc_smote,notes_emb_317,0.0015845503678590944
rfc_smote,notes_emb_318,0.0013837757828966302
rfc_smote,notes_emb_319,0.001530681680156892
rfc_smote,notes_emb_320,0.0017010196337824601
rfc_smote,notes_emb_321,0.003203074158859234
rfc_smote,notes_emb_322,0.0013444249837823137
rfc_smote,notes_emb_323,0.002348581933888968
rfc_smote,notes_emb_324,0.0012201186796391885
rfc_smote,notes_emb_325,0.0025798440806552594
rfc_smote,notes_emb_326,0.0020581102205965655
rfc_smote,notes_emb_327,0.0014242058919985243
rfc_smote,notes_emb_328,0.006972022449694906
rfc_smote,notes_emb_329,0.001661767051284766
rfc_smote,notes_emb_330,0.004169839177488743
rfc_smote,notes_emb_331,0.002758027375756425
rfc_smote,notes_emb_332,0.0016520842575974953
rfc_smote,notes_emb_333,0.001676498340741795
rfc_smote,notes_emb_334,0.0009241586787527105
rfc_smote,notes_emb_335,0.0011452261676944773
rfc_smote,notes_emb_336,0.0016188538260597412
rfc_smote,notes_emb_337,0.0011200785683136952
rfc_smote,notes_emb_338,0.0013973724260324223
rfc_smote,notes_emb_339,0.0034636763686449247
rfc_smote,notes_emb_340,0.0014122142889426482
rfc_smote,notes_emb_341,0.0023261291595550243
rfc_smote,notes_emb_342,0.0014039169530231117
rfc_smote,notes_emb_343,0.0026464754547604404
rfc_smote,notes_emb_344,0.0013327412839093348
rfc_smote,notes_emb_345,0.005937408388661464
rfc_smote,notes_emb_346,0.002585796730485536
rfc_smote,notes_emb_347,0.0022068452885477857
rfc_smote,notes_emb_348,0.0007289678403262999
rfc_smote,notes_emb_349,0.002972269834996299
rfc_smote,notes_emb_350,0.005968169047788493
rfc_smote,notes_emb_351,0.001212880255019044
rfc_smote,notes_emb_352,0.003042829152322601
rfc_smote,notes_emb_353,0.0012516712339578151
rfc_smote,notes_emb_354,0.0011419039799046755
rfc_smote,notes_emb_355,0.0015972397851043794
rfc_smote,notes_emb_356,0.0011544451727465593
rfc_smote,notes_emb_357,0.001241926033339697
rfc_smote,notes_emb_358,0.0013278456253026651
rfc_smote,notes_emb_359,0.0018699705957131824
rfc_smote,notes_emb_360,0.0020439562406922634
rfc_smote,notes_emb_361,0.0016216374082955731
rfc_smote,notes_emb_362,0.0037517893575697275
rfc_smote,notes_emb_363,0.0016812718919929296
rfc_smote,notes_emb_364,0.006490418096137809
rfc_smote,notes_emb_365,0.0026604699762912496
rfc_smote,notes_emb_366,0.0013755017452664678
rfc_smote,notes_emb_367,0.0014438975132419446
rfc_smote,notes_emb_368,0.0015043366042100886
rfc_smote,notes_emb_369,0.002501674289462885
rfc_smote,notes_emb_370,0.0015455791093615036
rfc_smote,notes_emb_371,0.0014852488988399486
rfc_smote,notes_emb_372,0.0015562792121923772
rfc_smote,notes_emb_373,0.0009426710927369502
rfc_smote,notes_emb_374,0.0013423602175986194
rfc_smote,notes_emb_375,0.0010859313367558555
rfc_smote,notes_emb_376,0.0026452597727755632
rfc_smote,notes_emb_377,0.0018641502513472416
rfc_smote,notes_emb_378,0.0018845090394221378
rfc_smote,notes_emb_379,0.0014009853462933406
rfc_smote,notes_emb_380,0.0013225863373501274
rfc_smote,notes_emb_381,0.0013773266954081082
rfc_smote,notes_emb_382,0.0012098354314125349
rfc_smote,notes_emb_383,0.0013682068920068968
rfc_adasyn,civilian_targeting,0.010139485543310602
rfc_adasyn,fatalities,0.0857157988839765
rfc_adasyn,violence_against_women,7.3523779560212345e-06
rfc_adasyn,sub_event_type_Abduction/forced disappearance,5.905550682081514e-05
rfc_adasyn,sub_event_type_Air/drone strike,0.0
rfc_adasyn,sub_event_type_Armed clash,0.011447497104645482
rfc_adasyn,sub_event_type_Attack,0.0011813570652351162
rfc_adasyn,sub_event_type_Government regains territory,0.0
rfc_adasyn,sub_event_type_Grenade,2.0159331534711994e-05
rfc_adasyn,sub_event_type_Non-state actor overtakes territory,0.000504996649362134
rfc_adasyn,sub_event_type_Remote explosive/landmine/IED,0.0011957861547228883
rfc_adasyn,sub_event_type_Sexual violence,0.0
rfc_adasyn,sub_event_type_Shelling/artillery/missile attack,0.00023958750818836407
rfc_adasyn,sub_event_type_Suicide bomb,9.519412101763679e-05
rfc_adasyn,notes_emb_0,0.0028231373623495144
rfc_adasyn,notes_emb_1,0.0016931691736793255
rfc_adasyn,notes_emb_2,0.0031572512690553637
rfc_adasyn,notes_emb_3,0.001911745360591092
rfc_adasyn,notes_emb_4,0.0041072316257479155
rfc_adasyn,notes_emb_5,0.00211083597255317
rfc_adasyn,notes_emb_6,0.0013051263734130143
rfc_adasyn,notes_emb_7,0.0016173478514060918
rfc_adasyn,notes_emb_8,0.003064159532449157
rfc_adasyn,notes_emb_9,0.0014413947821559758
rfc_adasyn,notes_emb_10,0.0019844221723762877
rfc_adasyn,notes_emb_11,0.0015973337949762828
rfc_adasyn,notes_emb_12,0.0026088033424518414
rfc_adasyn,notes_emb_13,0.001502406084409741
rfc_adasyn,notes_emb_14,0.0012669822954280297
rfc_adasyn,notes_emb_15,0.0019289488580583683
rfc_adasyn,notes_emb_16,0.0015956853799988168
rfc_adasyn,notes_emb_17,0.0024868509306861285
rfc_adasyn,notes_emb_18,0.0024908792974891406
rfc_adasyn,notes_emb_19,0.001959361333947628
rfc_adasyn,notes_emb_20,0.002637229252029637
rfc_adasyn,notes_emb_21,0.002214083930730214
rfc_adasyn,notes_emb_22,0.0016972283776992328
rfc_adasyn,notes_emb_23,0.0036430567367537682
rfc_adasyn,notes_emb_24,0.0032170735244536467
rfc_adasyn,notes_emb_25,0.0015716096880605665
rfc_adasyn,notes_emb_26,0.0017697027322986303
rfc_adasyn,notes_emb_27,0.001374115611943601
rfc_adasyn,notes_emb_28,0.0016711072042213543
rfc_adasyn,notes_emb_29,0.0022685688889964805
rfc_adasyn,notes_emb_30,0.0011253465859338368
rfc_adasyn,notes_emb_31,0.0014978820513757171
rfc_adasyn,notes_emb_32,0.002040788074409469
rfc_adasyn,notes_emb_33,0.0017238309329958134
rfc_adasyn,notes_emb_34,0.0020852578179146007
rfc_adasyn,notes_emb_35,0.0022576739452705675
rfc_adasyn,notes_emb_36,0.0012087408988409145
rfc_adasyn,notes_emb_37,0.0011423857784206418
rfc_adasyn,notes_emb_38,0.0031513993456952567
rfc_adasyn,notes_emb_39,0.0017037356423799965
rfc_adasyn,notes_emb_40,0.0026554370224589246
rfc_adasyn,notes_emb_41,0.0022365398296115883
rfc_adasyn,notes_emb_42,0.0013321992633978585
rfc_adasyn,notes_emb_43,0.0016801789850934288
rfc_adasyn,notes_emb_44,0.0033926159904992194
rfc_adasyn,notes_emb_45,0.0019716589766750163
rfc_adasyn,notes_emb_46,0.0018798298731920954
rfc_adasyn,notes_emb_47,0.0019031336757483416
rfc_adasyn,notes_emb_48,0.001293209045118834
rfc_adasyn,notes_emb_49,0.0015885333646314462
rfc_adasyn,notes_emb_50,0.00271389600991501
rfc_adasyn,notes_emb_51,0.0019710494836170126
rfc_adasyn,notes_emb_52,0.0035086253611664457
rfc_adasyn,notes_emb_53,0.0019958192960001313
rfc_adasyn,notes_emb_54,0.0020473129295916445
rfc_adasyn,notes_emb_55,0.0012757338379763053
rfc_adasyn,notes_emb_56,0.0020743877588514682
rfc_adasyn,notes_emb_57,0.001640617892078962
rfc_adasyn,notes_emb_58,0.0016566807607258551
rfc_adasyn,notes_emb_59,0.001108220819423225
rfc_adasyn,notes_emb_60,0.0014377961548876052
rfc_adasyn,notes_emb_61,0.0018132856298415062
rfc_adasyn,notes_emb_62,0.0038999200018689905
rfc_adasyn,notes_emb_63,0.0014990785777180542
rfc_adasyn,notes_emb_64,0.002505257631427454
rfc_adasyn,notes_emb_65,0.01079198550252036
rfc_adasyn,notes_emb_66,0.002261117834204881
rfc_adasyn,notes_emb_67,0.0021921935581887104
rfc_adasyn,notes_emb_68,0.0017164883956009062
rfc_adasyn,notes_emb_69,0.00296998782744082
rfc_adasyn,notes_emb_70,0.0015631896381599897
rfc_adasyn,notes_emb_71,0.006169606758838966
rfc_adasyn,notes_emb_72,0.0037415202912883167
rfc_adasyn,notes_emb_73,0.0013994903663833503
rfc_adasyn,notes_emb_74,0.004377888204470776
rfc_adasyn,notes_emb_75,0.0018092452329165423
rfc_adasyn,notes_emb_76,0.00190582826393248
rfc_adasyn,notes_emb_77,0.0018041538865164292
rfc_adasyn,notes_emb_78,0.00173996068050973
rfc_adasyn,notes_emb_79,0.0016243167131704595
rfc_adasyn,notes_emb_80,0.0013829021250118276
rfc_adasyn,notes_emb_81,0.00151114536326898
rfc_adasyn,notes_emb_82,0.0039177565898450145
rfc_adasyn,notes_emb_83,0.0018206425734316487
rfc_adasyn,notes_emb_84,0.001325370350821194
rfc_adasyn,notes_emb_85,0.0012837668874017016
rfc_adasyn,notes_emb_86,0.0013134298360378863
rfc_adasyn,notes_emb_87,0.0021723451518690187
rfc_adasyn,notes_emb_88,0.00384898220273842
rfc_adasyn,notes_emb_89,0.0018840880789671314
rfc_adasyn,notes_emb_90,0.0025568017096820545
rfc_adasyn,notes_emb_91,0.005008543315639834
rfc_adasyn,notes_emb_92,0.001589893142261018
rfc_adasyn,notes_emb_93,0.0015657807512535855
rfc_adasyn,notes_emb_94,0.000947499696141846
rfc_adasyn,notes_emb_95,0.0011837225313335341
rfc_adasyn,notes_emb_96,0.001546379537184177
rfc_adasyn,notes_emb_97,0.0019133908365099428
rfc_adasyn,notes_emb_98,0.0019172191800381209
rfc_adasyn,notes_emb_99,0.002442358123073328
rfc_adasyn,notes_emb_100,0.0013192915311211668
rfc_adasyn,notes_emb_101,0.005202968190222634
rfc_adasyn,notes_emb_102,0.002069712786024665
rfc_adasyn,notes_emb_103,0.0014159477500607159
rfc_adasyn,notes_emb_104,0.0040776596948263275
rfc_adasyn,notes_emb_105,0.0012225936156160687
rfc_adasyn,notes_emb_106,0.001776561613299103
rfc_adasyn,notes_emb_107,0.004119070081659417
rfc_adasyn,notes_emb_108,0.001311209428781482
rfc_adasyn,notes_emb_109,0.0014335585112525678
rfc_adasyn,notes_emb_110,0.0016865441136111763
rfc_adasyn,notes_emb_111,0.0013549719225062907
rfc_adasyn,notes_emb_112,0.0026665587552402157
rfc_adasyn,notes_emb_113,0.001090314315069089
rfc_adasyn,notes_emb_114,0.015761484241733528
rfc_adasyn,notes_emb_115,0.0014674179420235691
rfc_adasyn,notes_emb_116,0.0016223681404690653
rfc_adasyn,notes_emb_117,0.0016100366154779228
rfc_adasyn,notes_emb_118,0.002586668938480094
rfc_adasyn,notes_emb_119,0.010043056102818814
rfc_adasyn,notes_emb_120,0.0013004695272248368
rfc_adasyn,notes_emb_121,0.001675979178576599
rfc_adasyn,notes_emb_122,0.0016561755884215604
rfc_adasyn,notes_emb_123,0.0025787585175076305
rfc_adasyn,notes_emb_124,0.0026061047797327915
rfc_adasyn,notes_emb_125,0.0024446905075211065
rfc_adasyn,notes_emb_126,0.0018556371831271123
rfc_adasyn,notes_emb_127,0.004068723316249885
rfc_adasyn,notes_emb_128,0.0018901770630306886
rfc_adasyn,notes_emb_129,0.0013847285596601088
rfc_adasyn,notes_emb_130,0.001655556515211622
rfc_adasyn,notes_emb_131,0.0019033504981919656
rfc_adasyn,notes_emb_132,0.003761755160788991
rfc_adasyn,notes_emb_133,0.0021361349422654267
rfc_adasyn,notes_emb_134,0.0014702227042985006
rfc_adasyn,notes_emb_135,0.004232286095833174
rfc_adasyn,notes_emb_136,0.0016632675042351198
rfc_adasyn,notes_emb_137,0.0015439500320050177
rfc_adasyn,notes_emb_138,0.0025840361749695545
rfc_adasyn,notes_emb_139,0.0015617054521174089
rfc_adasyn,notes_emb_140,0.0015574295024816593
rfc_adasyn,notes_emb_141,0.0010056643907274206
rfc_adasyn,notes_emb_142,0.0018014886167256009
rfc_adasyn,notes_emb_143,0.0019304560829055092
rfc_adasyn,notes_emb_144,0.0037857812165603055
rfc_adasyn,notes_emb_145,0.0014239043065812148
rfc_adasyn,notes_emb_146,0.0016380333219394724
rfc_adasyn,notes_emb_147,0.001993198098970916
rfc_adasyn,notes_emb_148,0.0011502628829627296
rfc_adasyn,notes_emb_149,0.0010264589163176865
rfc_adasyn,notes_emb_150,0.002052742474737658
rfc_adasyn,notes_emb_151,0.0014066904924768613
rfc_adasyn,notes_emb_152,0.001262410165845108
rfc_adasyn,notes_emb_153,0.0018068032580439222
rfc_adasyn,notes_emb_154,0.002033534762007459
rfc_adasyn,notes_emb_155,0.0016692200306600879
rfc_adasyn,notes_emb_156,0.0036138616697304555
rfc_adasyn,notes_emb_157,0.0015442436975684412
rfc_adasyn,notes_emb_158,0.0012730259952626528
rfc_adasyn,notes_emb_159,0.0016594232984785625
rfc_adasyn,notes_emb_160,0.0016144507389190378
rfc_adasyn,notes_emb_161,0.006400344424242737
rfc_adasyn,notes_emb_162,0.0026271404885089274
rfc_adasyn,notes_emb_163,0.002871107980558275
rfc_adasyn,notes_emb_164,0.0017058653817531336
rfc_adasyn,notes_emb_165,0.0019923168976309037
rfc_adasyn,notes_emb_166,0.000990914470971175
rfc_adasyn,notes_emb_167,0.003292007251019061
rfc_adasyn,notes_emb_168,0.0020310106412878086
rfc_adasyn,notes_emb_169,0.002154977423017709
rfc_adasyn,notes_emb_170,0.0027216804666537987
rfc_adasyn,notes_emb_171,0.001251607506069078
rfc_adasyn,notes_emb_172,0.0016361215279955415
rfc_adasyn,notes_emb_173,0.0014863277491252852
rfc_adasyn,notes_emb_174,0.0023491056887400053
rfc_adasyn,notes_emb_175,0.0023458685918305183
rfc_adasyn,notes_emb_176,0.001534087576797176
rfc_adasyn,notes_emb_177,0.001386342976208195
rfc_adasyn,notes_emb_178,0.0015712331961031134
rfc_adasyn,notes_emb_179,0.0028770683851903804
rfc_adasyn,notes_emb_180,0.0016840816602039074
rfc_adasyn,notes_emb_181,0.0012241018693669374
rfc_adasyn,notes_emb_182,0.009832436082711712
rfc_adasyn,notes_emb_183,0.001507901016745367
rfc_adasyn,notes_emb_184,0.0013421099661718489
rfc_adasyn,notes_emb_185,0.0014444263851269038
rfc_adasyn,notes_emb_186,0.001693495254058191
rfc_adasyn,notes_emb_187,0.0017083791714857597
rfc_adasyn,notes_emb_188,0.002811224967687689
rfc_adasyn,notes_emb_189,0.0013941235287193046
rfc_adasyn,notes_emb_190,0.002215506737519729
rfc_adasyn,notes_emb_191,0.002265367900585491
rfc_adasyn,notes_emb_192,0.0014411690069880052
rfc_adasyn,notes_emb_193,0.001847806777177579
rfc_adasyn,notes_emb_194,0.0011699089340628565
rfc_adasyn,notes_emb_195,0.001834662118851239
rfc_adasyn,notes_emb_196,0.0018522919485017921
rfc_adasyn,notes_emb_197,0.0016121750903470905
rfc_adasyn,notes_emb_198,0.0021410586187114726
rfc_adasyn,notes_emb_199,0.0026412224826336795
rfc_adasyn,notes_emb_200,0.0012782718444951655
rfc_adasyn,notes_emb_201,0.0016305472066682413
rfc_adasyn,notes_emb_202,0.00232899127443452
rfc_adasyn,notes_emb_203,0.0017424393715306527
rfc_adasyn,notes_emb_204,0.001573192012421205
rfc_adasyn,notes_emb_205,0.0013265786824859119
rfc_adasyn,notes_emb_206,0.001739723895528862
rfc_adasyn,notes_emb_207,0.00227761544094077
rfc_adasyn,notes_emb_208,0.0018765550256888519
rfc_adasyn,notes_emb_209,0.001528392953270315
rfc_adasyn,notes_emb_210,0.0012695438519512159
rfc_adasyn,notes_emb_211,0.0035613686559278885
rfc_adasyn,notes_emb_212,0.001516698415593633
rfc_adasyn,notes_emb_213,0.0017107164011554374
rfc_adasyn,notes_emb_214,0.0033592449396173717
rfc_adasyn,notes_emb_215,0.0016411522287374295
rfc_adasyn,notes_emb_216,0.001268608822077953
rfc_adasyn,notes_emb_217,0.0015405938888728718
rfc_adasyn,notes_emb_218,0.001208299765901844
rfc_adasyn,notes_emb_219,0.0019263672732675614
rfc_adasyn,notes_emb_220,0.001733953753488417
rfc_adasyn,notes_emb_221,0.0027376289596312414
rfc_adasyn,notes_emb_222,0.0024031937828754278
rfc_adasyn,notes_emb_223,0.002498572770651539
rfc_adasyn,notes_emb_224,0.0015939595320847546
rfc_adasyn,notes_emb_225,0.0036351359647576516
rfc_adasyn,notes_emb_226,0.0016614781989981898
rfc_adasyn,notes_emb_227,0.0017287068856909767
rfc_adasyn,notes_emb_228,0.0015579000419502695
rfc_adasyn,notes_emb_229,0.0019396440893752925
rfc_adasyn,notes_emb_230,0.0012991993003943067
rfc_adasyn,notes_emb_231,0.0014623981824062743
rfc_adasyn,notes_emb_232,0.003375946891288296
rfc_adasyn,notes_emb_233,0.0018432165210958609
rfc_adasyn,notes_emb_234,0.0024248253790066366
rfc_adasyn,notes_emb_235,0.0015088524937726263
rfc_adasyn,notes_emb_236,0.0017166721016553949
rfc_adasyn,notes_emb_237,0.0011688771449368813
rfc_adasyn,notes_emb_238,0.0034067610188749076
rfc_adasyn,notes_emb_239,0.0018140598019636062
rfc_adasyn,notes_emb_240,0.0011653349240178103
rfc_adasyn,notes_emb_241,0.0014827079909671625
rfc_adasyn,notes_emb_242,0.0012846673263604924
rfc_adasyn,notes_emb_243,0.0015639416229001383
rfc_adasyn,notes_emb_244,0.0013610960782434677
rfc_adasyn,notes_emb_245,0.0016628064904549947
rfc_adasyn,notes_emb_246,0.0014903685205141003
rfc_adasyn,notes_emb_247,0.0040054746728300636
rfc_adasyn,notes_emb_248,0.0027918118413787435
rfc_adasyn,notes_emb_249,0.001364640429866926
rfc_adasyn,notes_emb_250,0.0015383313705950414
rfc_adasyn,notes_emb_251,0.001985277795568765
rfc_adasyn,notes_emb_252,0.0015392778388845598
rfc_adasyn,notes_emb_253,0.018056594082166862
rfc_adasyn,notes_emb_254,0.001765677082839397
rfc_adasyn,notes_emb_255,0.008015113417898205
rfc_adasyn,notes_emb_256,0.005796977248893017
rfc_adasyn,notes_emb_257,0.0009167693947310799
rfc_adasyn,notes_emb_258,0.0016463033345522821
rfc_adasyn,notes_emb_259,0.0017910111962819205
rfc_adasyn,notes_emb_260,0.0015332391073650089
rfc_adasyn,notes_emb_261,0.001993306136051928
rfc_adasyn,notes_emb_262,0.001459572392746426
rfc_adasyn,notes_emb_263,0.004405460813129664
rfc_adasyn,notes_emb_264,0.007199694422417009
rfc_adasyn,notes_emb_265,0.0015277627427750925
rfc_adasyn,notes_emb_266,0.0013656870317851442
rfc_adasyn,notes_emb_267,0.004098932869612967
rfc_adasyn,notes_emb_268,0.0019415562668134957
rfc_adasyn,notes_emb_269,0.012989432497151766
rfc_adasyn,notes_emb_270,0.0016274041676501761
rfc_adasyn,notes_emb_271,0.0013124795101089938
rfc_adasyn,notes_emb_272,0.003679735919539635
rfc_adasyn,notes_emb_273,0.01743513132712214
rfc_adasyn,notes_emb_274,0.0014601514462154407
rfc_adasyn,notes_emb_275,0.0015444508235391047
rfc_adasyn,notes_emb_276,0.001566730207640331
rfc_adasyn,notes_emb_277,0.0016541231467197698
rfc_adasyn,notes_emb_278,0.0014070959150763909
rfc_adasyn,notes_emb_279,0.005061742897440106
rfc_adasyn,notes_emb_280,0.0015949942083190072
rfc_adasyn,notes_emb_281,0.0011904399574893156
rfc_adasyn,notes_emb_282,0.0018277632217844008
rfc_adasyn,notes_emb_283,0.0014848620029379825
rfc_adasyn,notes_emb_284,0.002277345497876348
rfc_adasyn,notes_emb_285,0.0014476560767161869
rfc_adasyn,notes_emb_286,0.001573240721918891
rfc_adasyn,notes_emb_287,0.0019156196221561555
rfc_adasyn,notes_emb_288,0.0026926384460892816
rfc_adasyn,notes_emb_289,0.0014482073421417517
rfc_adasyn,notes_emb_290,0.0016649603087116188
rfc_adasyn,notes_emb_291,0.0017548201937296146
rfc_adasyn,notes_emb_292,0.0012509980557260491
rfc_adasyn,notes_emb_293,0.0015725134986357692
rfc_adasyn,notes_emb_294,0.002062147488532578
rfc_adasyn,notes_emb_295,0.00110077745850559
rfc_adasyn,notes_emb_296,0.00125041281045729
rfc_adasyn,notes_emb_297,0.0015742547243781833
rfc_adasyn,notes_emb_298,0.002954377187628857
rfc_adasyn,notes_emb_299,0.001066727437662606
rfc_adasyn,notes_emb_300,0.0012676701400451806
rfc_adasyn,notes_emb_301,0.0015991250067444876
rfc_adasyn,notes_emb_302,0.0018360257601438487
rfc_adasyn,notes_emb_303,0.0029735608928750782
rfc_adasyn,notes_emb_304,0.0011277124539940313
rfc_adasyn,notes_emb_305,0.004092531264049614
rfc_adasyn,notes_emb_306,0.0029030070052535667
rfc_adasyn,notes_emb_307,0.0025784088382174632
rfc_adasyn,notes_emb_308,0.0052384013726263345
rfc_adasyn,notes_emb_309,0.001411758535378781
rfc_adasyn,notes_emb_310,0.0011726731956621054
rfc_adasyn,notes_emb_311,0.00691890127029895
rfc_adasyn,notes_emb_312,0.002357638101232911
rfc_adasyn,notes_emb_313,0.0014416409139814661
rfc_adasyn,notes_emb_314,0.0015895579699669133
rfc_adasyn,notes_emb_315,0.003796322604302826
rfc_adasyn,notes_emb_316,0.00231162287402336
rfc_adasyn,notes_emb_317,0.0015155845490290392
rfc_adasyn,notes_emb_318,0.0013559312964547413
rfc_adasyn,notes_emb_319,0.0017222459326459005
rfc_adasyn,notes_emb_320,0.0020488028384169845
rfc_adasyn,notes_emb_321,0.001979761378761766
rfc_adasyn,notes_emb_322,0.0015657483436646133
rfc_adasyn,notes_emb_323,0.004083409403865271
rfc_adasyn,notes_emb_324,0.0014477438202503369
rfc_adasyn,notes_emb_325,0.0026163547416487225
rfc_adasyn,notes_emb_326,0.0017229514386749938
rfc_adasyn,notes_emb_327,0.0012958421699494082
rfc_adasyn,notes_emb_328,0.005518347646568068
rfc_adasyn,notes_emb_329,0.0017035449074191344
rfc_adasyn,notes_emb_330,0.004336858210397702
rfc_adasyn,notes_emb_331,0.0034396773205418994
rfc_adasyn,notes_emb_332,0.0021828063235326363
rfc_adasyn,notes_emb_333,0.0020846540561100415
rfc_adasyn,notes_emb_334,0.0011156575825994764
rfc_adasyn,notes_emb_335,0.0016590074634775642
rfc_adasyn,notes_emb_336,0.0019059224169073335
rfc_adasyn,notes_emb_337,0.001105493200975966
rfc_adasyn,notes_emb_338,0.0019055367127936303
rfc_adasyn,notes_emb_339,0.002408114095148216
rfc_adasyn,notes_emb_340,0.0012575220927865036
rfc_adasyn,notes_emb_341,0.0013444965808997516
rfc_adasyn,notes_emb_342,0.001439427986406387
rfc_adasyn,notes_emb_343,0.0029187904033912333
rfc_adasyn,notes_emb_344,0.0015225894529513591
rfc_adasyn,notes_emb_345,0.007245068823389855
rfc_adasyn,notes_emb_346,0.002207248501345355
rfc_adasyn,notes_emb_347,0.0015438558234496683
rfc_adasyn,notes_emb_348,0.0010681244220861023
rfc_adasyn,notes_emb_349,0.0029858462996298525
rfc_adasyn,notes_emb_350,0.008212805712506505
rfc_adasyn,notes_emb_351,0.0013231781180410753
rfc_adasyn,notes_emb_352,0.0024534475279068373
rfc_adasyn,notes_emb_353,0.0018822270798061916
rfc_adasyn,notes_emb_354,0.0015228696259136337
rfc_adasyn,notes_emb_355,0.001839619101700255
rfc_adasyn,notes_emb_356,0.0016442158471074364
rfc_adasyn,notes_emb_357,0.0011582979532523232
rfc_adasyn,notes_emb_358,0.0014601208045544453
rfc_adasyn,notes_emb_359,0.0017597598907464673
rfc_adasyn,notes_emb_360,0.0020641336311408285
rfc_adasyn,notes_emb_361,0.0018345715631151952
rfc_adasyn,notes_emb_362,0.0026858721990378163
rfc_adasyn,notes_emb_363,0.0020725326750542622
rfc_adasyn,notes_emb_364,0.005090475782199087
rfc_adasyn,notes_emb_365,0.00274803352544632
rfc_adasyn,notes_emb_366,0.0013059260068516779
rfc_adasyn,notes_emb_367,0.0018882615376097612
rfc_adasyn,notes_emb_368,0.0011931872037397116
rfc_adasyn,notes_emb_369,0.002696657396942437
rfc_adasyn,notes_emb_370,0.0017277498540124265
rfc_adasyn,notes_emb_371,0.001325475524334246
rfc_adasyn,notes_emb_372,0.0014900667352197967
rfc_adasyn,notes_emb_373,0.0018798758292809864
rfc_adasyn,notes_emb_374,0.0017165138296022522
rfc_adasyn,notes_emb_375,0.0012056798307734187
rfc_adasyn,notes_emb_376,0.001710731605832443
rfc_adasyn,notes_emb_377,0.0026256171633098333
rfc_adasyn,notes_emb_378,0.001475968851179988
rfc_adasyn,notes_emb_379,0.0013857384783730249
rfc_adasyn,notes_emb_380,0.0015208189593991575
rfc_adasyn,notes_emb_381,0.0015625922286688217
rfc_adasyn,notes_emb_382,0.00202620587105337
rfc_adasyn,notes_emb_383,0.0011431992725004496
rfc_borderline_smote,civilian_targeting,0.008756850300650359
rfc_borderline_smote,fatalities,0.08585602851363137
rfc_borderline_smote,violence_against_women,0.0
rfc_borderline_smote,sub_event_type_Abduction/forced disappearance,0.0
rfc_borderline_smote,sub_event_type_Air/drone strike,0.0
rfc_borderline_smote,sub_event_type_Armed clash,0.01086022423534387
rfc_borderline_smote,sub_event_type_Attack,0.0009954097923386437
rfc_borderline_smote,sub_event_type_Government regains territory,0.0
rfc_borderline_smote,sub_event_type_Grenade,3.910516702112572e-06
rfc_borderline_smote,sub_event_type_Non-state actor overtakes territory,0.0002844758130287429
rfc_borderline_smote,sub_event_type_Remote explosive/landmine/IED,0.0010235519107892575
rfc_borderline_smote,sub_event_type_Sexual violence,0.0
rfc_borderline_smote,sub_event_type_Shelling/artillery/missile attack,0.0004262858289663085
rfc_borderline_smote,sub_event_type_Suicide bomb,0.000132827071687357
rfc_borderline_smote,notes_emb_0,0.0034397625001495284
rfc_borderline_smote,notes_emb_1,0.001168430700022616
rfc_borderline_smote,notes_emb_2,0.0021468141927091485
rfc_borderline_smote,notes_emb_3,0.0015587350783642763
rfc_borderline_smote,notes_emb_4,0.003612170053635613
rfc_borderline_smote,notes_emb_5,0.0022007438620695557
rfc_borderline_smote,notes_emb_6,0.0012548058884904046
rfc_borderline_smote,notes_emb_7,0.0020757561915285888
rfc_borderline_smote,notes_emb_8,0.0030957440478357407
rfc_borderline_smote,notes_emb_9,0.0024454195663096857
rfc_borderline_smote,notes_emb_10,0.002138277746352243
rfc_borderline_smote,notes_emb_11,0.0017207513777811362
rfc_borderline_smote,notes_emb_12,0.0016623558436834921
rfc_borderline_smote,notes_emb_13,0.0012457710962495837
rfc_borderline_smote,notes_emb_14,0.0013708735600767913
rfc_borderline_smote,notes_emb_15,0.0017497651945959486
rfc_borderline_smote,notes_emb_16,0.0027708700741475357
rfc_borderline_smote,notes_emb_17,0.0029147090931296625
rfc_borderline_smote,notes_emb_18,0.0023779832042778613
rfc_borderline_smote,notes_emb_19,0.0013101985282022797
rfc_borderline_smote,notes_emb_20,0.001040265518025302
rfc_borderline_smote,notes_emb_21,0.0020001374753016565
rfc_borderline_smote,notes_emb_22,0.0018961473234687621
rfc_borderline_smote,notes_emb_23,0.00269152326223558
rfc_borderline_smote,notes_emb_24,0.002564564021728464
rfc_borderline_smote,notes_emb_25,0.0020617332256281967
rfc_borderline_smote,notes_emb_26,0.0021739774317355554
rfc_borderline_smote,notes_emb_27,0.0019214129769923702
rfc_borderline_smote,notes_emb_28,0.0014937366615781042
rfc_borderline_smote,notes_emb_29,0.0027127742559062023
rfc_borderline_smote,notes_emb_30,0.0010271581739554865
rfc_borderline_smote,notes_emb_31,0.0011867666369044976
rfc_borderline_smote,notes_emb_32,0.0015472500424029603
rfc_borderline_smote,notes_emb_33,0.0015313444061791836
rfc_borderline_smote,notes_emb_34,0.0015819298308269991
rfc_borderline_smote,notes_emb_35,0.001312460253506076
rfc_borderline_smote,notes_emb_36,0.0013384643621732965
rfc_borderline_smote,notes_emb_37,0.0009236950951033709
rfc_borderline_smote,notes_emb_38,0.0023035235926682396
rfc_borderline_smote,notes_emb_39,0.0019512550709674065
rfc_borderline_smote,notes_emb_40,0.002424698913417568
rfc_borderline_smote,notes_emb_41,0.0016619686515876404
rfc_borderline_smote,notes_emb_42,0.000991073564055573
rfc_borderline_smote,notes_emb_43,0.0019035651869036094
rfc_borderline_smote,notes_emb_44,0.003558305476202532
rfc_borderline_smote,notes_emb_45,0.001636753889318547
rfc_borderline_smote,notes_emb_46,0.0017548401146833827
rfc_borderline_smote,notes_emb_47,0.0012633616998170799
rfc_borderline_smote,notes_emb_48,0.0012741907283942266
rfc_borderline_smote,notes_emb_49,0.0019303742863312013
rfc_borderline_smote,notes_emb_50,0.002375383919606034
rfc_borderline_smote,notes_emb_51,0.0015626010766334993
rfc_borderline_smote,notes_emb_52,0.0028167920990377826
rfc_borderline_smote,notes_emb_53,0.0021562003028266137
rfc_borderline_smote,notes_emb_54,0.003519447658262394
rfc_borderline_smote,notes_emb_55,0.0013688366354570889
rfc_borderline_smote,notes_emb_56,0.0029362139271126163
rfc_borderline_smote,notes_emb_57,0.0022051867287795138
rfc_borderline_smote,notes_emb_58,0.0015384743233709459
rfc_borderline_smote,notes_emb_59,0.0014979472724797062
rfc_borderline_smote,notes_emb_60,0.0008269413798340721
rfc_borderline_smote,notes_emb_61,0.0016178103255198126
rfc_borderline_smote,notes_emb_62,0.002969312538768815
rfc_borderline_smote,notes_emb_63,0.0010707623242271415
rfc_borderline_smote,notes_emb_64,0.0022981246755108065
rfc_borderline_smote,notes_emb_65,0.01149776879299087
rfc_borderline_smote,notes_emb_66,0.0031117344638809997
rfc_borderline_smote,notes_emb_67,0.0020585297667275776
rfc_borderline_smote,notes_emb_68,0.001461564596902206
rfc_borderline_smote,notes_emb_69,0.005748935994536281
rfc_borderline_smote,notes_emb_70,0.001198968332328326
rfc_borderline_smote,notes_emb_71,0.004926083148763711
rfc_borderline_smote,notes_emb_72,0.006529326333659404
rfc_borderline_smote,notes_emb_73,0.0022343188803213053
rfc_borderline_smote,notes_emb_74,0.00334679393418006
rfc_borderline_smote,notes_emb_75,0.001509834218168013
rfc_borderline_smote,notes_emb_76,0.0026300527963317418
rfc_borderline_smote,notes_emb_77,0.0010161568926380909
rfc_borderline_smote,notes_emb_78,0.0012358456851694617
rfc_borderline_smote,notes_emb_79,0.0017343784965785827
rfc_borderline_smote,notes_emb_80,0.0015687157064346357
rfc_borderline_smote,notes_emb_81,0.0013770846333651695
rfc_borderline_smote,notes_emb_82,0.001551614559845383
rfc_borderline_smote,notes_emb_83,0.0020563948505072155
rfc_borderline_smote,notes_emb_84,0.0019179505463222937
rfc_borderline_smote,notes_emb_85,0.0011805082243335641
rfc_borderline_smote,notes_emb_86,0.0013125528096450288
rfc_borderline_smote,notes_emb_87,0.0019728471325195372
rfc_borderline_smote,notes_emb_88,0.0036580468011748845
rfc_borderline_smote,notes_emb_89,0.0028778374615651492
rfc_borderline_smote,notes_emb_90,0.002721971648155882
rfc_borderline_smote,notes_emb_91,0.007778549791803949
rfc_borderline_smote,notes_emb_92,0.0012605045911137204
rfc_borderline_smote,notes_emb_93,0.0013917168463462967
rfc_borderline_smote,notes_emb_94,0.0009267115522458826
rfc_borderline_smote,notes_emb_95,0.0010477262323564359
rfc_borderline_smote,notes_emb_96,0.0021153014731467128
rfc_borderline_smote,notes_emb_97,0.001592967568327922
rfc_borderline_smote,notes_emb_98,0.0021066395755623083
rfc_borderline_smote,notes_emb_99,0.0019739201345564043
rfc_borderline_smote,notes_emb_100,0.0013153144602515215
rfc_borderline_smote,notes_emb_101,0.006177672782968821
rfc_borderline_smote,notes_emb_102,0.0020031535097806987
rfc_borderline_smote,notes_emb_103,0.0012868756868324417
rfc_borderline_smote,notes_emb_104,0.0029837648962600083
rfc_borderline_smote,notes_emb_105,0.0010041950033609858
rfc_borderline_smote,notes_emb_106,0.002350722513096165
rfc_borderline_smote,notes_emb_107,0.004948719989472651
rfc_borderline_smote,notes_emb_108,0.001563462953088988
rfc_borderline_smote,notes_emb_109,0.001323616840150096
rfc_borderline_smote,notes_emb_110,0.001823433953318952
rfc_borderline_smote,notes_emb_111,0.0014914474785091836
rfc_borderline_smote,notes_emb_112,0.0025865639832380037
rfc_borderline_smote,notes_emb_113,0.0009830335523340133
rfc_borderline_smote,notes_emb_114,0.017900353628695936
rfc_borderline_smote,notes_emb_115,0.0017099784690171203
rfc_borderline_smote,notes_emb_116,0.0019418562605429115
rfc_borderline_smote,notes_emb_117,0.0013599348901751265
rfc_borderline_smote,notes_emb_118,0.0019571379866774007
rfc_borderline_smote,notes_emb_119,0.010359091028994466
rfc_borderline_smote,notes_emb_120,0.001210442444615634
rfc_borderline_smote,notes_emb_121,0.0012656726042757536
rfc_borderline_smote,notes_emb_122,0.002545142637611912
rfc_borderline_smote,notes_emb_123,0.002230616569742282
rfc_borderline_smote,notes_emb_124,0.0027012308003944484
rfc_borderline_smote,notes_emb_125,0.004284750700391503
rfc_borderline_smote,notes_emb_126,0.0021226143645762534
rfc_borderline_smote,notes_emb_127,0.005297602994012473
rfc_borderline_smote,notes_emb_128,0.0013316756155670052
rfc_borderline_smote,notes_emb_129,0.0010281889236403803
rfc_borderline_smote,notes_emb_130,0.00178332073894493
rfc_borderline_smote,notes_emb_131,0.0025774888867173052
rfc_borderline_smote,notes_emb_132,0.0031771870326536794
rfc_borderline_smote,notes_emb_133,0.0013698449860745326
rfc_borderline_smote,notes_emb_134,0.0011877371394280521
rfc_borderline_smote,notes_emb_135,0.004285519457208545
rfc_borderline_smote,notes_emb_136,0.001288504978868011
rfc_borderline_smote,notes_emb_137,0.0015011312473845455
rfc_borderline_smote,notes_emb_138,0.0027763206043229056
rfc_borderline_smote,notes_emb_139,0.0012611078231227898
rfc_borderline_smote,notes_emb_140,0.0010950243325597063
rfc_borderline_smote,notes_emb_141,0.0011696902551541445
rfc_borderline_smote,notes_emb_142,0.001296660584633332
rfc_borderline_smote,notes_emb_143,0.0016631525505965198
rfc_borderline_smote,notes_emb_144,0.004988248082920906
rfc_borderline_smote,notes_emb_145,0.0012419492830798456
rfc_borderline_smote,notes_emb_146,0.0017617341732111668
rfc_borderline_smote,notes_emb_147,0.0015294601309384067
rfc_borderline_smote,notes_emb_148,0.0008548101654337799
rfc_borderline_smote,notes_emb_149,0.001260297760192742
rfc_borderline_smote,notes_emb_150,0.001766711387376396
rfc_borderline_smote,notes_emb_151,0.0018280836559103988
rfc_borderline_smote,notes_emb_152,0.0012800063964325723
rfc_borderline_smote,notes_emb_153,0.0014259621174883385
rfc_borderline_smote,notes_emb_154,0.00205477829790272
rfc_borderline_smote,notes_emb_155,0.0009562358849202611
rfc_borderline_smote,notes_emb_156,0.0023481311187973693
rfc_borderline_smote,notes_emb_157,0.001623651787076618
rfc_borderline_smote,notes_emb_158,0.0013076308067232467
rfc_borderline_smote,notes_emb_159,0.0017122346795277225
rfc_borderline_smote,notes_emb_160,0.0016371638074906087
rfc_borderline_smote,notes_emb_161,0.003098661861649649
rfc_borderline_smote,notes_emb_162,0.0029337390825206495
rfc_borderline_smote,notes_emb_163,0.0027406630416828143
rfc_borderline_smote,notes_emb_164,0.0016673429157006564
rfc_borderline_smote,notes_emb_165,0.0017506391816201755
rfc_borderline_smote,notes_emb_166,0.0012981961897456362
rfc_borderline_smote,notes_emb_167,0.004407277624957974
rfc_borderline_smote,notes_emb_168,0.003415725626175596
rfc_borderline_smote,notes_emb_169,0.00294382624170562
rfc_borderline_smote,notes_emb_170,0.003410671624066444
rfc_borderline_smote,notes_emb_171,0.001285013171472122
rfc_borderline_smote,notes_emb_172,0.0031391436261421287
rfc_borderline_smote,notes_emb_173,0.0011316077320122145
rfc_borderline_smote,notes_emb_174,0.002200748487037426
rfc_borderline_smote,notes_emb_175,0.0029969286271398676
rfc_borderline_smote,notes_emb_176,0.0010995103554490297
rfc_borderline_smote,notes_emb_177,0.001294813239518816
rfc_borderline_smote,notes_emb_178,0.0022091701841603665
rfc_borderline_smote,notes_emb_179,0.0029906739128342623
rfc_borderline_smote,notes_emb_180,0.0019696662601685344
rfc_borderline_smote,notes_emb_181,0.0018256992026357654
rfc_borderline_smote,notes_emb_182,0.01006681273420127
rfc_borderline_smote,notes_emb_183,0.001513282844771707
rfc_borderline_smote,notes_emb_184,0.0013136617149930334
rfc_borderline_smote,notes_emb_185,0.0013533421399882656
rfc_borderline_smote,notes_emb_186,0.0014389689943059788
rfc_borderline_smote,notes_emb_187,0.0015165897949338575
rfc_borderline_smote,notes_emb_188,0.0019696105010899335
rfc_borderline_smote,notes_emb_189,0.0025556435985425907
rfc_borderline_smote,notes_emb_190,0.003202787910944097
rfc_borderline_smote,notes_emb_191,0.002330120324315529
rfc_borderline_smote,notes_emb_192,0.0014430447105276164
rfc_borderline_smote,notes_emb_193,0.0022042957571355016
rfc_borderline_smote,notes_emb_194,0.001073975623416528
rfc_borderline_smote,notes_emb_195,0.0022153222839002714
rfc_borderline_smote,notes_emb_196,0.0020967353760269207
rfc_borderline_smote,notes_emb_197,0.0017453286735756896
rfc_borderline_smote,notes_emb_198,0.0021725689589298467
rfc_borderline_smote,notes_emb_199,0.0050780442246497835
rfc_borderline_smote,notes_emb_200,0.0012363378923991749
rfc_borderline_smote,notes_emb_201,0.0009364307464332698
rfc_borderline_smote,notes_emb_202,0.0014205490061756226
rfc_borderline_smote,notes_emb_203,0.0015015463049423646
rfc_borderline_smote,notes_emb_204,0.0010293128788356211
rfc_borderline_smote,notes_emb_205,0.0014116446070373964
rfc_borderline_smote,notes_emb_206,0.0016609847432372783
rfc_borderline_smote,notes_emb_207,0.0012785647087376014
rfc_borderline_smote,notes_emb_208,0.0022133802496257233
rfc_borderline_smote,notes_emb_209,0.001084170173586782
rfc_borderline_smote,notes_emb_210,0.0016671863032842193
rfc_borderline_smote,notes_emb_211,0.00381640769518917
rfc_borderline_smote,notes_emb_212,0.0013727162097763117
rfc_borderline_smote,notes_emb_213,0.0018647586560030674
rfc_borderline_smote,notes_emb_214,0.0035480776397605104
rfc_borderline_smote,notes_emb_215,0.0018231900946320781
rfc_borderline_smote,notes_emb_216,0.0012304786289572195
rfc_borderline_smote,notes_emb_217,0.0015136428258184487
rfc_borderline_smote,notes_emb_218,0.0017882758424949143
rfc_borderline_smote,notes_emb_219,0.0013734003252873922
rfc_borderline_smote,notes_emb_220,0.0014862502522085782
rfc_borderline_smote,notes_emb_221,0.002747690348091017
rfc_borderline_smote,notes_emb_222,0.001826154224321683
rfc_borderline_smote,notes_emb_223,0.002503439388012969
rfc_borderline_smote,notes_emb_224,0.001716069496931682
rfc_borderline_smote,notes_emb_225,0.0028655813584671425
rfc_borderline_smote,notes_emb_226,0.0016284604124802181
rfc_borderline_smote,notes_emb_227,0.00221960632192489
rfc_borderline_smote,notes_emb_228,0.0015891144708992803
rfc_borderline_smote,notes_emb_229,0.003164591853931519
rfc_borderline_smote,notes_emb_230,0.001044589900481566
rfc_borderline_smote,notes_emb_231,0.0010873616887999394
rfc_borderline_smote,notes_emb_232,0.0034177058483207813
rfc_borderline_smote,notes_emb_233,0.0020895803422695727
rfc_borderline_smote,notes_emb_234,0.0021519784252730777
rfc_borderline_smote,notes_emb_235,0.001370578119649238
rfc_borderline_smote,notes_emb_236,0.0013783305364449417
rfc_borderline_smote,notes_emb_237,0.0012384345227874067
rfc_borderline_smote,notes_emb_238,0.0021068831936900336
rfc_borderline_smote,notes_emb_239,0.0012830860191470745
rfc_borderline_smote,notes_emb_240,0.0016581269225437645
rfc_borderline_smote,notes_emb_241,0.001696892920734749
rfc_borderline_smote,notes_emb_242,0.0013665857010115778
rfc_borderline_smote,notes_emb_243,0.0015507282870056433
rfc_borderline_smote,notes_emb_244,0.0012069776404447846
rfc_borderline_smote,notes_emb_245,0.0013669640700708383
rfc_borderline_smote,notes_emb_246,0.0014063099573592799
rfc_borderline_smote,notes_emb_247,0.0031288509833760454
rfc_borderline_smote,notes_emb_248,0.00269983138844908
rfc_borderline_smote,notes_emb_249,0.001093739754075249
rfc_borderline_smote,notes_emb_250,0.001849981355905529
rfc_borderline_smote,notes_emb_251,0.0023713581916708177
rfc_borderline_smote,notes_emb_252,0.0016349636832943737
rfc_borderline_smote,notes_emb_253,0.018957758893654208
rfc_borderline_smote,notes_emb_254,0.0017619025599969456
rfc_borderline_smote,notes_emb_255,0.007116486357834982
rfc_borderline_smote,notes_emb_256,0.0048744933134913584
rfc_borderline_smote,notes_emb_257,0.001139051084869506
rfc_borderline_smote,notes_emb_258,0.002125700584142713
rfc_borderline_smote,notes_emb_259,0.0013049087151089467
rfc_borderline_smote,notes_emb_260,0.001342185035732273
rfc_borderline_smote,notes_emb_261,0.001531852611853258
rfc_borderline_smote,notes_emb_262,0.001162784520348775
rfc_borderline_smote,notes_emb_263,0.0025950388900707624
rfc_borderline_smote,notes_emb_264,0.006728426007619447
rfc_borderline_smote,notes_emb_265,0.0017943810406597304
rfc_borderline_smote,notes_emb_266,0.0015734643222523254
rfc_borderline_smote,notes_emb_267,0.004782282458122763
rfc_borderline_smote,notes_emb_268,0.002375152406723657
rfc_borderline_smote,notes_emb_269,0.013239021080755493
rfc_borderline_smote,notes_emb_270,0.0014470750506102165
rfc_borderline_smote,notes_emb_271,0.0016872252067379064
rfc_borderline_smote,notes_emb_272,0.004587943643033148
rfc_borderline_smote,notes_emb_273,0.017071781924343034
rfc_borderline_smote,notes_emb_274,0.0011643138180878485
rfc_borderline_smote,notes_emb_275,0.0016780037171549432
rfc_borderline_smote,notes_emb_276,0.001580250002678552
rfc_borderline_smote,notes_emb_277,0.0014135304676232915
rfc_borderline_smote,notes_emb_278,0.001355977058142918
rfc_borderline_smote,notes_emb_279,0.00779726221868099
rfc_borderline_smote,notes_emb_280,0.0013875772724931171
rfc_borderline_smote,notes_emb_281,0.0013763608833150108
rfc_borderline_smote,notes_emb_282,0.0019644151738972106
rfc_borderline_smote,notes_emb_283,0.002099857552416097
rfc_borderline_smote,notes_emb_284,0.0017090621254576529
rfc_borderline_smote,notes_emb_285,0.0015427085833880883
rfc_borderline_smote,notes_emb_286,0.0011055324046786643
rfc_borderline_smote,notes_emb_287,0.0011287017698386704
rfc_borderline_smote,notes_emb_288,0.0024282034066731364
rfc_borderline_smote,notes_emb_289,0.0013601418041534186
rfc_borderline_smote,notes_emb_290,0.0017619257758494926
rfc_borderline_smote,notes_emb_291,0.0017959889937466974
rfc_borderline_smote,notes_emb_292,0.0012874015968865268
rfc_borderline_smote,notes_emb_293,0.0021630241594669725
rfc_borderline_smote,notes_emb_294,0.0018160560689666093
rfc_borderline_smote,notes_emb_295,0.0012144715216531661
rfc_borderline_smote,notes_emb_296,0.0017673077160252717
rfc_borderline_smote,notes_emb_297,0.0011602639772128464
rfc_borderline_smote,notes_emb_298,0.003847805579147652
rfc_borderline_smote,notes_emb_299,0.0009622355296096174
rfc_borderline_smote,notes_emb_300,0.0013179950626417839
rfc_borderline_smote,notes_emb_301,0.0016411329436102173
rfc_borderline_smote,notes_emb_302,0.001983802400493997
rfc_borderline_smote,notes_emb_303,0.002016082652601455
rfc_borderline_smote,notes_emb_304,0.0014377445251563667
rfc_borderline_smote,notes_emb_305,0.002720778294205417
rfc_borderline_smote,notes_emb_306,0.002087664803659222
rfc_borderline_smote,notes_emb_307,0.0024260940526037093
rfc_borderline_smote,notes_emb_308,0.004242856883517638
rfc_borderline_smote,notes_emb_309,0.001116775916015244
rfc_borderline_smote,notes_emb_310,0.001307731124622641
rfc_borderline_smote,notes_emb_311,0.00884282211154554
rfc_borderline_smote,notes_emb_312,0.0017941658388277173
rfc_borderline_smote,notes_emb_313,0.0013135057849315678
rfc_borderline_smote,notes_emb_314,0.0013562441526472505
rfc_borderline_smote,notes_emb_315,0.00339274585251612
rfc_borderline_smote,notes_emb_316,0.002565439360111703
rfc_borderline_smote,notes_emb_317,0.0013411026124759147
rfc_borderline_smote,notes_emb_318,0.0018896632432098795
rfc_borderline_smote,notes_emb_319,0.0016590624566894866
rfc_borderline_smote,notes_emb_320,0.0019358364762893036
rfc_borderline_smote,notes_emb_321,0.0021375862436327515
rfc_borderline_smote,notes_emb_322,0.001728765079581852
rfc_borderline_smote,notes_emb_323,0.0027836978141635147
rfc_borderline_smote,notes_emb_324,0.0016682911075930214
rfc_borderline_smote,notes_emb_325,0.0020997407265208475
rfc_borderline_smote,notes_emb_326,0.0021082085383028336
rfc_borderline_smote,notes_emb_327,0.001890111485728935
rfc_borderline_smote,notes_emb_328,0.0073295986315503455
rfc_borderline_smote,notes_emb_329,0.001945166797582525
rfc_borderline_smote,notes_emb_330,0.004718597639539971
rfc_borderline_smote,notes_emb_331,0.0027262968431098077
rfc_borderline_smote,notes_emb_332,0.002169387458744269
rfc_borderline_smote,notes_emb_333,0.0016756379675448305
rfc_borderline_smote,notes_emb_334,0.001134931554528219
rfc_borderline_smote,notes_emb_335,0.0011640007645014833
rfc_borderline_smote,notes_emb_336,0.001532852623906377
rfc_borderline_smote,notes_emb_337,0.001495126114855083
rfc_borderline_smote,notes_emb_338,0.0008596217835058052
rfc_borderline_smote,notes_emb_339,0.0028797075998276424
rfc_borderline_smote,notes_emb_340,0.0011123547520641357
rfc_borderline_smote,notes_emb_341,0.0020746026961443137
rfc_borderline_smote,notes_emb_342,0.001077073323526188
rfc_borderline_smote,notes_emb_343,0.001732893353214321
rfc_borderline_smote,notes_emb_344,0.0016128456497678857
rfc_borderline_smote,notes_emb_345,0.008088079239317062
rfc_borderline_smote,notes_emb_346,0.002266970357792556
rfc_borderline_smote,notes_emb_347,0.0016541177169618437
rfc_borderline_smote,notes_emb_348,0.0007568948376123907
rfc_borderline_smote,notes_emb_349,0.0034871748010414237
rfc_borderline_smote,notes_emb_350,0.007422265512192741
rfc_borderline_smote,notes_emb_351,0.0013426262345230342
rfc_borderline_smote,notes_emb_352,0.0033084777358853355
rfc_borderline_smote,notes_emb_353,0.0019367353578165988
rfc_borderline_smote,notes_emb_354,0.0013829204727433394
rfc_borderline_smote,notes_emb_355,0.0013607021740514571
rfc_borderline_smote,notes_emb_356,0.0017172233634350901
rfc_borderline_smote,notes_emb_357,0.0014335950559765276
rfc_borderline_smote,notes_emb_358,0.0012351123166863172
rfc_borderline_smote,notes_emb_359,0.0016645304654996026
rfc_borderline_smote,notes_emb_360,0.0015183576297718268
rfc_borderline_smote,notes_emb_361,0.0016730559696577082
rfc_borderline_smote,notes_emb_362,0.004362486290888646
rfc_borderline_smote,notes_emb_363,0.0014032231315066618
rfc_borderline_smote,notes_emb_364,0.006552045163174068
rfc_borderline_smote,notes_emb_365,0.0030885840809599585
rfc_borderline_smote,notes_emb_366,0.001169402256717901
rfc_borderline_smote,notes_emb_367,0.001447019664596993
rfc_borderline_smote,notes_emb_368,0.0010656098448483312
rfc_borderline_smote,notes_emb_369,0.0019955661508411614
rfc_borderline_smote,notes_emb_370,0.0015643137069624746
rfc_borderline_smote,notes_emb_371,0.0012554241976694214
rfc_borderline_smote,notes_emb_372,0.001378046735507381
rfc_borderline_smote,notes_emb_373,0.0014553341355142103
rfc_borderline_smote,notes_emb_374,0.0019151884822435445
rfc_borderline_smote,notes_emb_375,0.0013295656727072447
rfc_borderline_smote,notes_emb_376,0.0019526209214279263
rfc_borderline_smote,notes_emb_377,0.001856019978929098
rfc_borderline_smote,notes_emb_378,0.0013696574916467266
rfc_borderline_smote,notes_emb_379,0.0016597467958727014
rfc_borderline_smote,notes_emb_380,0.001801367617561887
rfc_borderline_smote,notes_emb_381,0.002327750994861262
rfc_borderline_smote,notes_emb_382,0.0019504772170038205
rfc_borderline_smote,notes_emb_383,0.0011736735322802096
rfc_svm_smote,civilian_targeting,0.017439515340764617
rfc_svm_smote,fatalities,0.06963112880617874
rfc_svm_smote,violence_against_women,2.2491599498085836e-05
rfc_svm_smote,sub_event_type_Abduction/forced disappearance,4.4486936390856185e-05
rfc_svm_smote,sub_event_type_Air/drone strike,7.222953398019072e-06
rfc_svm_smote,sub_event_type_Armed clash,0.01851499275882868
rfc_svm_smote,sub_event_type_Attack,0.004910917803997849
rfc_svm_smote,sub_event_type_Government regains territory,0.0
rfc_svm_smote,sub_event_type_Grenade,3.959938385168758e-06
rfc_svm_smote,sub_event_type_Non-state actor overtakes territory,0.00012143377627279427
rfc_svm_smote,sub_event_type_Remote explosive/landmine/IED,0.0012276430494556033
rfc_svm_smote,sub_event_type_Sexual violence,0.0
rfc_svm_smote,sub_event_type_Shelling/artillery/missile attack,0.0002774732876936147
rfc_svm_smote,sub_event_type_Suicide bomb,0.00024837969842754894
rfc_svm_smote,notes_emb_0,0.003976524971683666
rfc_svm_smote,notes_emb_1,0.001248486453400322
rfc_svm_smote,notes_emb_2,0.002361363087613314
rfc_svm_smote,notes_emb_3,0.0015091672628663683
rfc_svm_smote,notes_emb_4,0.0019505250351626632
rfc_svm_smote,notes_emb_5,0.0022397676023458036
rfc_svm_smote,notes_emb_6,0.0014800083854769192
rfc_svm_smote,notes_emb_7,0.0008652464198825063
rfc_svm_smote,notes_emb_8,0.00425903311785911
rfc_svm_smote,notes_emb_9,0.0020815201765388416
rfc_svm_smote,notes_emb_10,0.001728847324606991
rfc_svm_smote,notes_emb_11,0.0013995542304429864
rfc_svm_smote,notes_emb_12,0.0021341512355312333
rfc_svm_smote,notes_emb_13,0.0012225660703593757
rfc_svm_smote,notes_emb_14,0.0011962072150036136
rfc_svm_smote,notes_emb_15,0.0013970442834516838
rfc_svm_smote,notes_emb_16,0.0021785387042138563
rfc_svm_smote,notes_emb_17,0.0014170828912041433
rfc_svm_smote,notes_emb_18,0.0026632169429531612
rfc_svm_smote,notes_emb_19,0.0014485213558686773
rfc_svm_smote,notes_emb_20,0.0015766682099897806
rfc_svm_smote,notes_emb_21,0.0017449202914873927
rfc_svm_smote,notes_emb_22,0.0014371774122558442
rfc_svm_smote,notes_emb_23,0.0018055911214901277
rfc_svm_smote,notes_emb_24,0.0015609203137129399
rfc_svm_smote,notes_emb_25,0.0014942999702006593
rfc_svm_smote,notes_emb_26,0.0022394257787105463
rfc_svm_smote,notes_emb_27,0.0021822240782216366
rfc_svm_smote,notes_emb_28,0.0020270161435021333
rfc_svm_smote,notes_emb_29,0.0028328024731211305
rfc_svm_smote,notes_emb_30,0.0014429721052647423
rfc_svm_smote,notes_emb_31,0.001498703811093044
rfc_svm_smote,notes_emb_32,0.0014782212525377885
rfc_svm_smote,notes_emb_33,0.0012582519226359986
rfc_svm_smote,notes_emb_34,0.001562662969661278
rfc_svm_smote,notes_emb_35,0.0033049266392547556
rfc_svm_smote,notes_emb_36,0.001466611928744939
rfc_svm_smote,notes_emb_37,0.001103269821764603
rfc_svm_smote,notes_emb_38,0.0018504949793951208
rfc_svm_smote,notes_emb_39,0.0016597817452595077
rfc_svm_smote,notes_emb_40,0.0022295724926981973
rfc_svm_smote,notes_emb_41,0.0017412582731798937
rfc_svm_smote,notes_emb_42,0.001278136218302058
rfc_svm_smote,notes_emb_43,0.0017223381657772477
rfc_svm_smote,notes_emb_44,0.00443168458775729
rfc_svm_smote,notes_emb_45,0.0017217251710231391
rfc_svm_smote,notes_emb_46,0.0015135090414135075
rfc_svm_smote,notes_emb_47,0.0012159359991358017
rfc_svm_smote,notes_emb_48,0.0013249206450951729
rfc_svm_smote,notes_emb_49,0.0025854637876802796
rfc_svm_smote,notes_emb_50,0.00185031232645766
rfc_svm_smote,notes_emb_51,0.0012731721202713466
rfc_svm_smote,notes_emb_52,0.002313374577569114
rfc_svm_smote,notes_emb_53,0.002054560128347114
rfc_svm_smote,notes_emb_54,0.0032194858965952917
rfc_svm_smote,notes_emb_55,0.001719927129803604
rfc_svm_smote,notes_emb_56,0.0014943596561624308
rfc_svm_smote,notes_emb_57,0.0020206928544599777
rfc_svm_smote,notes_emb_58,0.0014296413138461877
rfc_svm_smote,notes_emb_59,0.0012726396346297228
rfc_svm_smote,notes_emb_60,0.00140949720840394
rfc_svm_smote,notes_emb_61,0.0011092096244493383
rfc_svm_smote,notes_emb_62,0.0018522574223623705
rfc_svm_smote,notes_emb_63,0.0014714926627082366
rfc_svm_smote,notes_emb_64,0.0016035764904683706
rfc_svm_smote,notes_emb_65,0.016137166386268734
rfc_svm_smote,notes_emb_66,0.002413201360362269
rfc_svm_smote,notes_emb_67,0.0018148636354659757
rfc_svm_smote,notes_emb_68,0.0018472910782079133
rfc_svm_smote,notes_emb_69,0.0037782975410877296
rfc_svm_smote,notes_emb_70,0.00160352915404129
rfc_svm_smote,notes_emb_71,0.004936624690223608
rfc_svm_smote,notes_emb_72,0.008333908021749136
rfc_svm_smote,notes_emb_73,0.0015500504807982416
rfc_svm_smote,notes_emb_74,0.0028130856384894843
rfc_svm_smote,notes_emb_75,0.001350587936801054
rfc_svm_smote,notes_emb_76,0.0015080257386361842
rfc_svm_smote,notes_emb_77,0.0015317904299845606
rfc_svm_smote,notes_emb_78,0.0014183336673112197
rfc_svm_smote,notes_emb_79,0.0015504685654588856
rfc_svm_smote,notes_emb_80,0.0010330600998979327
rfc_svm_smote,notes_emb_81,0.0013316803134550803
rfc_svm_smote,notes_emb_82,0.001635798649531603
rfc_svm_smote,notes_emb_83,0.001448610769897035
rfc_svm_smote,notes_emb_84,0.0019927503785350416
rfc_svm_smote,notes_emb_85,0.0013419166201184122
rfc_svm_smote,notes_emb_86,0.0012443566635904526
rfc_svm_smote,notes_emb_87,0.002012030342393009
rfc_svm_smote,notes_emb_88,0.004026266793760443
rfc_svm_smote,notes_emb_89,0.0027680628248024286
rfc_svm_smote,notes_emb_90,0.0014903480928274467
rfc_svm_smote,notes_emb_91,0.009787110085607316
rfc_svm_smote,notes_emb_92,0.0016079191056631594
rfc_svm_smote,notes_emb_93,0.0017977545627629145
rfc_svm_smote,notes_emb_94,0.001128811550226717
rfc_svm_smote,notes_emb_95,0.00116909743260432
rfc_svm_smote,notes_emb_96,0.0023253879258023453
rfc_svm_smote,notes_emb_97,0.0014126688739627734
rfc_svm_smote,notes_emb_98,0.0026810051230184858
rfc_svm_smote,notes_emb_99,0.0013251793436272032
rfc_svm_smote,notes_emb_100,0.0020198590123433934
rfc_svm_smote,notes_emb_101,0.006772140509690418
rfc_svm_smote,notes_emb_102,0.002579026138829525
rfc_svm_smote,notes_emb_103,0.0013236859745466131
rfc_svm_smote,notes_emb_104,0.003199153773651609
rfc_svm_smote,notes_emb_105,0.00132171540707713
rfc_svm_smote,notes_emb_106,0.001527011965900656
rfc_svm_smote,notes_emb_107,0.004762287638759934
rfc_svm_smote,notes_emb_108,0.0009710554493952526
rfc_svm_smote,notes_emb_109,0.0012881716402142695
rfc_svm_smote,notes_emb_110,0.0017884727699525342
rfc_svm_smote,notes_emb_111,0.0016887262902838122
rfc_svm_smote,notes_emb_112,0.0027612299762727575
rfc_svm_smote,notes_emb_113,0.0013671025313121538
rfc_svm_smote,notes_emb_114,0.022077922475153867
rfc_svm_smote,notes_emb_115,0.0016857412527224518
rfc_svm_smote,notes_emb_116,0.0018337041335599253
rfc_svm_smote,notes_emb_117,0.001964624160531305
rfc_svm_smote,notes_emb_118,0.0021870192153948375
rfc_svm_smote,notes_emb_119,0.008853665138070036
rfc_svm_smote,notes_emb_120,0.0012876099175145644
rfc_svm_smote,notes_emb_121,0.0015991430189764017
rfc_svm_smote,notes_emb_122,0.003498982812739722
rfc_svm_smote,notes_emb_123,0.003842241482227662
rfc_svm_smote,notes_emb_124,0.0034307637281953698
rfc_svm_smote,notes_emb_125,0.0016585125183871167
rfc_svm_smote,notes_emb_126,0.001729596688149424
rfc_svm_smote,notes_emb_127,0.0021972678471493994
rfc_svm_smote,notes_emb_128,0.0013118120007156995
rfc_svm_smote,notes_emb_129,0.0015675550534327621
rfc_svm_smote,notes_emb_130,0.001669324493655181
rfc_svm_smote,notes_emb_131,0.0013139978354433418
rfc_svm_smote,notes_emb_132,0.0027629354659397605
rfc_svm_smote,notes_emb_133,0.001259860156441752
rfc_svm_smote,notes_emb_134,0.0013293932148429567
rfc_svm_smote,notes_emb_135,0.003150346547773706
rfc_svm_smote,notes_emb_136,0.001525880195139181
rfc_svm_smote,notes_emb_137,0.0009918726777421952
rfc_svm_smote,notes_emb_138,0.0032576318423701346
rfc_svm_smote,notes_emb_139,0.0011683639267849326
rfc_svm_smote,notes_emb_140,0.0013023593819257858
rfc_svm_smote,notes_emb_141,0.0010889585724012918
rfc_svm_smote,notes_emb_142,0.0015119801643412284
rfc_svm_smote,notes_emb_143,0.001174225489922234
rfc_svm_smote,notes_emb_144,0.003538734229403093
rfc_svm_smote,notes_emb_145,0.0012410690454119117
rfc_svm_smote,notes_emb_146,0.0014593768421288726
rfc_svm_smote,notes_emb_147,0.0017408448423689995
rfc_svm_smote,notes_emb_148,0.0012308533276523701
rfc_svm_smote,notes_emb_149,0.001910692447606922
rfc_svm_smote,notes_emb_150,0.0029796267850652185
rfc_svm_smote,notes_emb_151,0.002107243036572293
rfc_svm_smote,notes_emb_152,0.0012765488923282941
rfc_svm_smote,notes_emb_153,0.001891079906793201
rfc_svm_smote,notes_emb_154,0.0017705700416315484
rfc_svm_smote,notes_emb_155,0.0015075635006889688
rfc_svm_smote,notes_emb_156,0.004918581206628071
rfc_svm_smote,notes_emb_157,0.0014745531005535687
rfc_svm_smote,notes_emb_158,0.001614732586791001
rfc_svm_smote,notes_emb_159,0.0015078449533006443
rfc_svm_smote,notes_emb_160,0.0015778373024349708
rfc_svm_smote,notes_emb_161,0.003967555660124664
rfc_svm_smote,notes_emb_162,0.0019988027161537813
rfc_svm_smote,notes_emb_163,0.002841758366330468
rfc_svm_smote,notes_emb_164,0.0016000064716496874
rfc_svm_smote,notes_emb_165,0.0023478000941768314
rfc_svm_smote,notes_emb_166,0.001301744705220034
rfc_svm_smote,notes_emb_167,0.0034232407689965207
rfc_svm_smote,notes_emb_168,0.0034947483543329703
rfc_svm_smote,notes_emb_169,0.005655262443831968
rfc_svm_smote,notes_emb_170,0.0024772388190981657
rfc_svm_smote,notes_emb_171,0.0008947849817607973
rfc_svm_smote,notes_emb_172,0.0015713107459857495
rfc_svm_smote,notes_emb_173,0.0013190103884951334
rfc_svm_smote,notes_emb_174,0.0023291783358344266
rfc_svm_smote,notes_emb_175,0.0017154165944282748
rfc_svm_smote,notes_emb_176,0.0012106238304437265
rfc_svm_smote,notes_emb_177,0.001423902323757203
rfc_svm_smote,notes_emb_178,0.001858303426452849
rfc_svm_smote,notes_emb_179,0.0022446346467351465
rfc_svm_smote,notes_emb_180,0.0016718653801406098
rfc_svm_smote,notes_emb_181,0.001429324733133252
rfc_svm_smote,notes_emb_182,0.009977902667252094
rfc_svm_smote,notes_emb_183,0.002083774317684917
rfc_svm_smote,notes_emb_184,0.0013407929404592109
rfc_svm_smote,notes_emb_185,0.0009232444154033233
rfc_svm_smote,notes_emb_186,0.0022876269658349204
rfc_svm_smote,notes_emb_187,0.0015310890266055485
rfc_svm_smote,notes_emb_188,0.0015722150192142845
rfc_svm_smote,notes_emb_189,0.0012638531387158146
rfc_svm_smote,notes_emb_190,0.003222949896349535
rfc_svm_smote,notes_emb_191,0.0018847925376380655
rfc_svm_smote,notes_emb_192,0.002595719259880577
rfc_svm_smote,notes_emb_193,0.0014999807348311579
rfc_svm_smote,notes_emb_194,0.0009271360603571811
rfc_svm_smote,notes_emb_195,0.0019953688753441843
rfc_svm_smote,notes_emb_196,0.003279627026007205
rfc_svm_smote,notes_emb_197,0.002653817110609726
rfc_svm_smote,notes_emb_198,0.0026058057760496934
rfc_svm_smote,notes_emb_199,0.002641667907317372
rfc_svm_smote,notes_emb_200,0.0009144645749127565
rfc_svm_smote,notes_emb_201,0.0010099329297136796
rfc_svm_smote,notes_emb_202,0.003356294556626045
rfc_svm_smote,notes_emb_203,0.0015566989615096096
rfc_svm_smote,notes_emb_204,0.0020905138949373096
rfc_svm_smote,notes_emb_205,0.0014800029256630473
rfc_svm_smote,notes_emb_206,0.0014684246477025562
rfc_svm_smote,notes_emb_207,0.0015998582212307696
rfc_svm_smote,notes_emb_208,0.0021660137817995123
rfc_svm_smote,notes_emb_209,0.001080997796816456
rfc_svm_smote,notes_emb_210,0.0010177409849472672
rfc_svm_smote,notes_emb_211,0.002371539495073667
rfc_svm_smote,notes_emb_212,0.001526378446505088
rfc_svm_smote,notes_emb_213,0.0012915766693652139
rfc_svm_smote,notes_emb_214,0.00279745860311924
rfc_svm_smote,notes_emb_215,0.0016888399653535498
rfc_svm_smote,notes_emb_216,0.0013424985043769464
rfc_svm_smote,notes_emb_217,0.0013797932923750999
rfc_svm_smote,notes_emb_218,0.0009946885105987344
rfc_svm_smote,notes_emb_219,0.0015475660837889445
rfc_svm_smote,notes_emb_220,0.001458713052888577
rfc_svm_smote,notes_emb_221,0.0019462447313866869
rfc_svm_smote,notes_emb_222,0.0047948094751971235
rfc_svm_smote,notes_emb_223,0.0018485517211891695
rfc_svm_smote,notes_emb_224,0.002465299449114461
rfc_svm_smote,notes_emb_225,0.0051051451276203814
rfc_svm_smote,notes_emb_226,0.001588092103770569
rfc_svm_smote,notes_emb_227,0.0020664164912756943
rfc_svm_smote,notes_emb_228,0.0024268663423134525
rfc_svm_smote,notes_emb_229,0.0018878647668492717
rfc_svm_smote,notes_emb_230,0.0016076002024420848
rfc_svm_smote,notes_emb_231,0.0011785861110475025
rfc_svm_smote,notes_emb_232,0.003922310861492158
rfc_svm_smote,notes_emb_233,0.0018500468290511267
rfc_svm_smote,notes_emb_234,0.002262742750832703
rfc_svm_smote,notes_emb_235,0.001328954917550386
rfc_svm_smote,notes_emb_236,0.0011022576742030473
rfc_svm_smote,notes_emb_237,0.0017076540439809021
rfc_svm_smote,notes_emb_238,0.002287030272597568
rfc_svm_smote,notes_emb_239,0.0014235920824247923
rfc_svm_smote,notes_emb_240,0.001787356960742741
rfc_svm_smote,notes_emb_241,0.0015690259848295037
rfc_svm_smote,notes_emb_242,0.001075951962483327
rfc_svm_smote,notes_emb_243,0.0016281899594127241
rfc_svm_smote,notes_emb_244,0.00116539595647402
rfc_svm_smote,notes_emb_245,0.0012724275238941963
rfc_svm_smote,notes_emb_246,0.001334645364230487
rfc_svm_smote,notes_emb_247,0.004045877291363129
rfc_svm_smote,notes_emb_248,0.002939847599058164
rfc_svm_smote,notes_emb_249,0.0013654105493998408
rfc_svm_smote,notes_emb_250,0.0015983442087119666
rfc_svm_smote,notes_emb_251,0.002300255937403139
rfc_svm_smote,notes_emb_252,0.003024977223273307
rfc_svm_smote,notes_emb_253,0.016762966558816705
rfc_svm_smote,notes_emb_254,0.001030293167694477
rfc_svm_smote,notes_emb_255,0.01403471163619509
rfc_svm_smote,notes_emb_256,0.006296370360620096
rfc_svm_smote,notes_emb_257,0.001520412823006722
rfc_svm_smote,notes_emb_258,0.0013661751820268184
rfc_svm_smote,notes_emb_259,0.0013023654569626541
rfc_svm_smote,notes_emb_260,0.0010501082629611122
rfc_svm_smote,notes_emb_261,0.0013110101721221631
rfc_svm_smote,notes_emb_262,0.0013827683284365253
rfc_svm_smote,notes_emb_263,0.00212064181898735
rfc_svm_smote,notes_emb_264,0.005694935922872672
rfc_svm_smote,notes_emb_265,0.0013763923137859078
rfc_svm_smote,notes_emb_266,0.0014428405912861075
rfc_svm_smote,notes_emb_267,0.008276488477588401
rfc_svm_smote,notes_emb_268,0.0014495527110886797
rfc_svm_smote,notes_emb_269,0.008129704051939609
rfc_svm_smote,notes_emb_270,0.001421814884673314
rfc_svm_smote,notes_emb_271,0.0015781967953899798
rfc_svm_smote,notes_emb_272,0.006954850809489448
rfc_svm_smote,notes_emb_273,0.012743334074920266
rfc_svm_smote,notes_emb_274,0.0012471904252789536
rfc_svm_smote,notes_emb_275,0.0013197695067143091
rfc_svm_smote,notes_emb_276,0.0010894275788813845
rfc_svm_smote,notes_emb_277,0.0015485627833831273
rfc_svm_smote,notes_emb_278,0.0014274065364022186
rfc_svm_smote,notes_emb_279,0.009403643282540676
rfc_svm_smote,notes_emb_280,0.0017480910253937242
rfc_svm_smote,notes_emb_281,0.0017375369620350643
rfc_svm_smote,notes_emb_282,0.001909895803988286
rfc_svm_smote,notes_emb_283,0.0012028896446685026
rfc_svm_smote,notes_emb_284,0.0014445703078326214
rfc_svm_smote,notes_emb_285,0.0019012553563169787
rfc_svm_smote,notes_emb_286,0.0013301993832349837
rfc_svm_smote,notes_emb_287,0.0013025642448232448
rfc_svm_smote,notes_emb_288,0.00146397841445116
rfc_svm_smote,notes_emb_289,0.0017460211779792172
rfc_svm_smote,notes_emb_290,0.0018808310929786193
rfc_svm_smote,notes_emb_291,0.0015371639060961643
rfc_svm_smote,notes_emb_292,0.0015952722120890716
rfc_svm_smote,notes_emb_293,0.001508289089119887
rfc_svm_smote,notes_emb_294,0.0014690035793485732
rfc_svm_smote,notes_emb_295,0.0012592193333898019
rfc_svm_smote,notes_emb_296,0.0014118287329845615
rfc_svm_smote,notes_emb_297,0.0011852049409192536
rfc_svm_smote,notes_emb_298,0.005097194757467489
rfc_svm_smote,notes_emb_299,0.0011619586121672726
rfc_svm_smote,notes_emb_300,0.0012449206825449718
rfc_svm_smote,notes_emb_301,0.0014309421892482544
rfc_svm_smote,notes_emb_302,0.0014463137703177188
rfc_svm_smote,notes_emb_303,0.0012712884450984821
rfc_svm_smote,notes_emb_304,0.001597246064247562
rfc_svm_smote,notes_emb_305,0.004058062103576769
rfc_svm_smote,notes_emb_306,0.0021611325011383336
rfc_svm_smote,notes_emb_307,0.0035081299273025564
rfc_svm_smote,notes_emb_308,0.00676122750882116
rfc_svm_smote,notes_emb_309,0.0012943773608686082
rfc_svm_smote,notes_emb_310,0.0010895391615966333
rfc_svm_smote,notes_emb_311,0.005191694975531998
rfc_svm_smote,notes_emb_312,0.0014269046326375254
rfc_svm_smote,notes_emb_313,0.0015337018520593152
rfc_svm_smote,notes_emb_314,0.0018675393999402418
rfc_svm_smote,notes_emb_315,0.0038471259592803703
rfc_svm_smote,notes_emb_316,0.0021382714621908825
rfc_svm_smote,notes_emb_317,0.0013843137542767182
rfc_svm_smote,notes_emb_318,0.0016432248297823563
rfc_svm_smote,notes_emb_319,0.0014692430352086165
rfc_svm_smote,notes_emb_320,0.0024681830542072733
rfc_svm_smote,notes_emb_321,0.0021469428483962593
rfc_svm_smote,notes_emb_322,0.001223846638768325
rfc_svm_smote,notes_emb_323,0.0016632714627555622
rfc_svm_smote,notes_emb_324,0.0011185599168995108
rfc_svm_smote,notes_emb_325,0.0019112902160093334
rfc_svm_smote,notes_emb_326,0.0016618716969532506
rfc_svm_smote,notes_emb_327,0.0012268880568414543
rfc_svm_smote,notes_emb_328,0.005140465908227148
rfc_svm_smote,notes_emb_329,0.0016561481651975356
rfc_svm_smote,notes_emb_330,0.00332066347805096
rfc_svm_smote,notes_emb_331,0.002920053693033288
rfc_svm_smote,notes_emb_332,0.0013369995694438358
rfc_svm_smote,notes_emb_333,0.0017460373973319566
rfc_svm_smote,notes_emb_334,0.0010275228473737626
rfc_svm_smote,notes_emb_335,0.0012014177486316705
rfc_svm_smote,notes_emb_336,0.0013356988250073406
rfc_svm_smote,notes_emb_337,0.0012485786848607356
rfc_svm_smote,notes_emb_338,0.0013213907246697344
rfc_svm_smote,notes_emb_339,0.0031701836835127694
rfc_svm_smote,notes_emb_340,0.001091197062291127
rfc_svm_smote,notes_emb_341,0.0012978370241774435
rfc_svm_smote,notes_emb_342,0.0010650533093189566
rfc_svm_smote,notes_emb_343,0.002646243599334285
rfc_svm_smote,notes_emb_344,0.0015796515155578985
rfc_svm_smote,notes_emb_345,0.007697571722125948
rfc_svm_smote,notes_emb_346,0.0026105544590522066
rfc_svm_smote,notes_emb_347,0.0019320057740186477
rfc_svm_smote,notes_emb_348,0.0010439209798122234
rfc_svm_smote,notes_emb_349,0.002822029402274279
rfc_svm_smote,notes_emb_350,0.006228069132559942
rfc_svm_smote,notes_emb_351,0.0013222066618738732
rfc_svm_smote,notes_emb_352,0.002272876837870041
rfc_svm_smote,notes_emb_353,0.0011946631577851397
rfc_svm_smote,notes_emb_354,0.0014165984524914911
rfc_svm_smote,notes_emb_355,0.001671343105851144
rfc_svm_smote,notes_emb_356,0.0016818644899082836
rfc_svm_smote,notes_emb_357,0.002130097540674705
rfc_svm_smote,notes_emb_358,0.0016097932509898257
rfc_svm_smote,notes_emb_359,0.0014058801138188324
rfc_svm_smote,notes_emb_360,0.0031178672629182773
rfc_svm_smote,notes_emb_361,0.0018815982345646897
rfc_svm_smote,notes_emb_362,0.00485881052047532
rfc_svm_smote,notes_emb_363,0.001158317750048549
rfc_svm_smote,notes_emb_364,0.007957797876003314
rfc_svm_smote,notes_emb_365,0.001966950148526624
rfc_svm_smote,notes_emb_366,0.001302198761466236
rfc_svm_smote,notes_emb_367,0.001368282643993178
rfc_svm_smote,notes_emb_368,0.000985589299008092
rfc_svm_smote,notes_emb_369,0.0018389043642703373
rfc_svm_smote,notes_emb_370,0.0016655368516697684
rfc_svm_smote,notes_emb_371,0.0015366296219251436
rfc_svm_smote,notes_emb_372,0.0017575995085052937
rfc_svm_smote,notes_emb_373,0.0012673441209371248
rfc_svm_smote,notes_emb_374,0.0017526569400611025
rfc_svm_smote,notes_emb_375,0.0016026871402281331
rfc_svm_smote,notes_emb_376,0.002283357675300693
rfc_svm_smote,notes_emb_377,0.001595918359777038
rfc_svm_smote,notes_emb_378,0.0021069237487154817
rfc_svm_smote,notes_emb_379,0.0016594181540521002
rfc_svm_smote,notes_emb_380,0.0012472185537907325
rfc_svm_smote,notes_emb_381,0.0019302845444406596
rfc_svm_smote,notes_emb_382,0.00135254857486809
rfc_svm_smote,notes_emb_383,0.0014979110690582318
rfc_random_oversample,civilian_targeting,0.005293922443050448
rfc_random_oversample,fatalities,0.030056267610446937
rfc_random_oversample,violence_against_women,0.0
rfc_random_oversample,sub_event_type_Abduction/forced disappearance,1.4147416088888632e-05
rfc_random_oversample,sub_event_type_Air/drone strike,0.0
rfc_random_oversample,sub_event_type_Armed clash,0.00724835955754044
rfc_random_oversample,sub_event_type_Attack,0.001001792318001916
rfc_random_oversample,sub_event_type_Government regains territory,0.0
rfc_random_oversample,sub_event_type_Grenade,0.0
rfc_random_oversample,sub_event_type_Non-state actor overtakes territory,0.00012756121057691983
rfc_random_oversample,sub_event_type_Remote explosive/landmine/IED,0.0003232959857372644
rfc_random_oversample,sub_event_type_Sexual violence,0.0
rfc_random_oversample,sub_event_type_Shelling/artillery/missile attack,0.00018780235493097964
rfc_random_oversample,sub_event_type_Suicide bomb,4.774791034706114e-05
rfc_random_oversample,notes_emb_0,0.005655363901105051
rfc_random_oversample,notes_emb_1,0.0018758428500460344
rfc_random_oversample,notes_emb_2,0.0019491772274676878
rfc_random_oversample,notes_emb_3,0.0013641107479108914
rfc_random_oversample,notes_emb_4,0.00259291981701893
rfc_random_oversample,notes_emb_5,0.0028552187015779807
rfc_random_oversample,notes_emb_6,0.0021090376501559636
rfc_random_oversample,notes_emb_7,0.001379647404293745
rfc_random_oversample,notes_emb_8,0.0026134321204247524
rfc_random_oversample,notes_emb_9,0.0025028822921167593
rfc_random_oversample,notes_emb_10,0.0021058103237032075
rfc_random_oversample,notes_emb_11,0.0016023425430265303
rfc_random_oversample,notes_emb_12,0.0025052585644302077
rfc_random_oversample,notes_emb_13,0.0019584410880215436
rfc_random_oversample,notes_emb_14,0.0014332927018208283
rfc_random_oversample,notes_emb_15,0.0011935569444128605
rfc_random_oversample,notes_emb_16,0.00276249045100086
rfc_random_oversample,notes_emb_17,0.002485421450030361
rfc_random_oversample,notes_emb_18,0.0023544380602523677
rfc_random_oversample,notes_emb_19,0.0017000492981900114
rfc_random_oversample,notes_emb_20,0.0018998068056624699
rfc_random_oversample,notes_emb_21,0.003238395754460915
rfc_random_oversample,notes_emb_22,0.0022707016051190473
rfc_random_oversample,notes_emb_23,0.002873184342267855
rfc_random_oversample,notes_emb_24,0.0019400656925205955
rfc_random_oversample,notes_emb_25,0.0016414312865950203
rfc_random_oversample,notes_emb_26,0.002205822605071611
rfc_random_oversample,notes_emb_27,0.0025747734857758868
rfc_random_oversample,notes_emb_28,0.0025749209236271635
rfc_random_oversample,notes_emb_29,0.0033332653957109447
rfc_random_oversample,notes_emb_30,0.0013854661538996904
rfc_random_oversample,notes_emb_31,0.0013335912258260595
rfc_random_oversample,notes_emb_32,0.0017871333794437277
rfc_random_oversample,notes_emb_33,0.0018156267978395014
rfc_random_oversample,notes_emb_34,0.0016665394114168245
rfc_random_oversample,notes_emb_35,0.0031132289755780628
rfc_random_oversample,notes_emb_36,0.0019926501280332688
rfc_random_oversample,notes_emb_37,0.0013393953041974413
rfc_random_oversample,notes_emb_38,0.002455969754509022
rfc_random_oversample,notes_emb_39,0.0015881020849371002
rfc_random_oversample,notes_emb_40,0.0025343812633655304
rfc_random_oversample,notes_emb_41,0.0019273013372350187
rfc_random_oversample,notes_emb_42,0.001383800149636668
rfc_random_oversample,notes_emb_43,0.0017745872243982127
rfc_random_oversample,notes_emb_44,0.004311237931826504
rfc_random_oversample,notes_emb_45,0.0022187995772869674
rfc_random_oversample,notes_emb_46,0.0024688856657431413
rfc_random_oversample,notes_emb_47,0.001559132426065612
rfc_random_oversample,notes_emb_48,0.001858221725354511
rfc_random_oversample,notes_emb_49,0.0025131054335150813
rfc_random_oversample,notes_emb_50,0.002339131078008005
rfc_random_oversample,notes_emb_51,0.0023083413274543898
rfc_random_oversample,notes_emb_52,0.0034400104895555973
rfc_random_oversample,notes_emb_53,0.0018377845465849807
rfc_random_oversample,notes_emb_54,0.003388418815661387
rfc_random_oversample,notes_emb_55,0.0016807849268831634
rfc_random_oversample,notes_emb_56,0.0029239351097024345
rfc_random_oversample,notes_emb_57,0.0018062372026435886
rfc_random_oversample,notes_emb_58,0.001495228874992758
rfc_random_oversample,notes_emb_59,0.0018090961079570915
rfc_random_oversample,notes_emb_60,0.0018160492468807866
rfc_random_oversample,notes_emb_61,0.001693464238457252
rfc_random_oversample,notes_emb_62,0.002829585858077505
rfc_random_oversample,notes_emb_63,0.001575275034967188
rfc_random_oversample,notes_emb_64,0.0017163852561867961
rfc_random_oversample,notes_emb_65,0.009792687442471198
rfc_random_oversample,notes_emb_66,0.0026898433635380555
rfc_random_oversample,notes_emb_67,0.0023965022114480323
rfc_random_oversample,notes_emb_68,0.0013330310601227615
rfc_random_oversample,notes_emb_69,0.003127306755632434
rfc_random_oversample,notes_emb_70,0.0017126407850333635
rfc_random_oversample,notes_emb_71,0.006250850284191875
rfc_random_oversample,notes_emb_72,0.0061139246248846845
rfc_random_oversample,notes_emb_73,0.0015418146530533873
rfc_random_oversample,notes_emb_74,0.0038937702984884292
rfc_random_oversample,notes_emb_75,0.002051133366777584
rfc_random_oversample,notes_emb_76,0.0019101214033324146
rfc_random_oversample,notes_emb_77,0.0015181893643730386
rfc_random_oversample,notes_emb_78,0.00208638149626036
rfc_random_oversample,notes_emb_79,0.0012438008823463858
rfc_random_oversample,notes_emb_80,0.00195732887876892
rfc_random_oversample,notes_emb_81,0.0013337855002725993
rfc_random_oversample,notes_emb_82,0.0025047086485467346
rfc_random_oversample,notes_emb_83,0.0018053605031999218
rfc_random_oversample,notes_emb_84,0.0023515297383947327
rfc_random_oversample,notes_emb_85,0.0018907911529079976
rfc_random_oversample,notes_emb_86,0.0019939870843158018
rfc_random_oversample,notes_emb_87,0.0023774663018208395
rfc_random_oversample,notes_emb_88,0.0029546526586566257
rfc_random_oversample,notes_emb_89,0.0031109869716207427
rfc_random_oversample,notes_emb_90,0.0023808358177555334
rfc_random_oversample,notes_emb_91,0.007669924434560112
rfc_random_oversample,notes_emb_92,0.0018944876015849633
rfc_random_oversample,notes_emb_93,0.0018696379720542194
rfc_random_oversample,notes_emb_94,0.0015936121341640444
rfc_random_oversample,notes_emb_95,0.0015423740981129446
rfc_random_oversample,notes_emb_96,0.0024016446802859995
rfc_random_oversample,notes_emb_97,0.0014483838216863049
rfc_random_oversample,notes_emb_98,0.0015582182703337314
rfc_random_oversample,notes_emb_99,0.0018953840715155376
rfc_random_oversample,notes_emb_100,0.002314206666355706
rfc_random_oversample,notes_emb_101,0.00342000471602932
rfc_random_oversample,notes_emb_102,0.0025368788909034116
rfc_random_oversample,notes_emb_103,0.001559058088916302
rfc_random_oversample,notes_emb_104,0.003597346299237014
rfc_random_oversample,notes_emb_105,0.0015765252433646495
rfc_random_oversample,notes_emb_106,0.0024202343992650805
rfc_random_oversample,notes_emb_107,0.0038692317559181444
rfc_random_oversample,notes_emb_108,0.001488775513555467
rfc_random_oversample,notes_emb_109,0.0017290742831483313
rfc_random_oversample,notes_emb_110,0.0020971609898967347
rfc_random_oversample,notes_emb_111,0.0019238318855483807
rfc_random_oversample,notes_emb_112,0.0032212369296618026
rfc_random_oversample,notes_emb_113,0.0014528168531541508
rfc_random_oversample,notes_emb_114,0.01146472947535599
rfc_random_oversample,notes_emb_115,0.0026291207092077632
rfc_random_oversample,notes_emb_116,0.0022467472320994277
rfc_random_oversample,notes_emb_117,0.0023482288353462327
rfc_random_oversample,notes_emb_118,0.0019214929247525353
rfc_random_oversample,notes_emb_119,0.007912439803373195
rfc_random_oversample,notes_emb_120,0.0015618090255178295
rfc_random_oversample,notes_emb_121,0.0018032093551206153
rfc_random_oversample,notes_emb_122,0.00306863795821302
rfc_random_oversample,notes_emb_123,0.0037936363818729516
rfc_random_oversample,notes_emb_124,0.004493022347493911
rfc_random_oversample,notes_emb_125,0.0018650149274314803
rfc_random_oversample,notes_emb_126,0.0019657458809980892
rfc_random_oversample,notes_emb_127,0.002441977789277725
rfc_random_oversample,notes_emb_128,0.0014943059037855093
rfc_random_oversample,notes_emb_129,0.0019179478311247844
rfc_random_oversample,notes_emb_130,0.0019701193976126886
rfc_random_oversample,notes_emb_131,0.0021763865176119192
rfc_random_oversample,notes_emb_132,0.0024998942742624516
rfc_random_oversample,notes_emb_133,0.0021061088635866178
rfc_random_oversample,notes_emb_134,0.0016527179724154465
rfc_random_oversample,notes_emb_135,0.005432439619152366
rfc_random_oversample,notes_emb_136,0.0016583015349583771
rfc_random_oversample,notes_emb_137,0.0013080071330283658
rfc_random_oversample,notes_emb_138,0.003875067050983275
rfc_random_oversample,notes_emb_139,0.0017862280173252638
rfc_random_oversample,notes_emb_140,0.0016048471245382783
rfc_random_oversample,notes_emb_141,0.0014390002429094304
rfc_random_oversample,notes_emb_142,0.0017731204736664645
rfc_random_oversample,notes_emb_143,0.00245926412668083
rfc_random_oversample,notes_emb_144,0.0035211123195682857
rfc_random_oversample,notes_emb_145,0.0016956252872935992
rfc_random_oversample,notes_emb_146,0.001767662922554052
rfc_random_oversample,notes_emb_147,0.0018001174849288282
rfc_random_oversample,notes_emb_148,0.0014548568435982143
rfc_random_oversample,notes_emb_149,0.0027776402233007963
rfc_random_oversample,notes_emb_150,0.0036076115221783493
rfc_random_oversample,notes_emb_151,0.0015285751157432627
rfc_random_oversample,notes_emb_152,0.0021604362155624207
rfc_random_oversample,notes_emb_153,0.0015859306340604098
rfc_random_oversample,notes_emb_154,0.001928403008687112
rfc_random_oversample,notes_emb_155,0.0015917421240510946
rfc_random_oversample,notes_emb_156,0.005745412695193377
rfc_random_oversample,notes_emb_157,0.0016408244798273267
rfc_random_oversample,notes_emb_158,0.0018577451238860612
rfc_random_oversample,notes_emb_159,0.0015136682957787387
rfc_random_oversample,notes_emb_160,0.0017821175499754122
rfc_random_oversample,notes_emb_161,0.0030039263922895534
rfc_random_oversample,notes_emb_162,0.0036531331882408745
rfc_random_oversample,notes_emb_163,0.00261445829402718
rfc_random_oversample,notes_emb_164,0.0019873437116228517
rfc_random_oversample,notes_emb_165,0.002347830797114053
rfc_random_oversample,notes_emb_166,0.002011782980578771
rfc_random_oversample,notes_emb_167,0.0039574140447032075
rfc_random_oversample,notes_emb_168,0.004092450326142475
rfc_random_oversample,notes_emb_169,0.004072374049985284
rfc_random_oversample,notes_emb_170,0.003320152316646655
rfc_random_oversample,notes_emb_171,0.0015155445250829448
rfc_random_oversample,notes_emb_172,0.0016984659683440325
rfc_random_oversample,notes_emb_173,0.0013482195079002669
rfc_random_oversample,notes_emb_174,0.0014877179874784802
rfc_random_oversample,notes_emb_175,0.0028673726557508082
rfc_random_oversample,notes_emb_176,0.0015058504670029363
rfc_random_oversample,notes_emb_177,0.0020644400741595525
rfc_random_oversample,notes_emb_178,0.001841259687312179
rfc_random_oversample,notes_emb_179,0.0031912809132826014
rfc_random_oversample,notes_emb_180,0.0020231163422050388
rfc_random_oversample,notes_emb_181,0.0024410034153867378
rfc_random_oversample,notes_emb_182,0.005623673340010689
rfc_random_oversample,notes_emb_183,0.0027289873540837424
rfc_random_oversample,notes_emb_184,0.0018124360620798132
rfc_random_oversample,notes_emb_185,0.00140048690868606
rfc_random_oversample,notes_emb_186,0.0021107210172562237
rfc_random_oversample,notes_emb_187,0.0021433331902202227
rfc_random_oversample,notes_emb_188,0.002263255158840409
rfc_random_oversample,notes_emb_189,0.0026707309901831196
rfc_random_oversample,notes_emb_190,0.0028442821862767792
rfc_random_oversample,notes_emb_191,0.002029615849501276
rfc_random_oversample,notes_emb_192,0.0011249918938625045
rfc_random_oversample,notes_emb_193,0.0025401128981261496
rfc_random_oversample,notes_emb_194,0.0014037695381490234
rfc_random_oversample,notes_emb_195,0.0020517517968375748
rfc_random_oversample,notes_emb_196,0.003321522325783185
rfc_random_oversample,notes_emb_197,0.001863904936487869
rfc_random_oversample,notes_emb_198,0.0022931635316915536
rfc_random_oversample,notes_emb_199,0.0024036095359506963
rfc_random_oversample,notes_emb_200,0.001238714003247529
rfc_random_oversample,notes_emb_201,0.0018600731634088902
rfc_random_oversample,notes_emb_202,0.0022055457723433288
rfc_random_oversample,notes_emb_203,0.0016699209001870522
rfc_random_oversample,notes_emb_204,0.0025516707708222275
rfc_random_oversample,notes_emb_205,0.0019309976934984362
rfc_random_oversample,notes_emb_206,0.001839137431364335
rfc_random_oversample,notes_emb_207,0.0022606460244538134
rfc_random_oversample,notes_emb_208,0.002376056164289581
rfc_random_oversample,notes_emb_209,0.0016587595322949981
rfc_random_oversample,notes_emb_210,0.0014210126878350187
rfc_random_oversample,notes_emb_211,0.0035182572046605193
rfc_random_oversample,notes_emb_212,0.0025008275667605146
rfc_random_oversample,notes_emb_213,0.001983799509543107
rfc_random_oversample,notes_emb_214,0.0048075506081288214
rfc_random_oversample,notes_emb_215,0.001763686825379844
rfc_random_oversample,notes_emb_216,0.001944341147255296
rfc_random_oversample,notes_emb_217,0.0017735000998206894
rfc_random_oversample,notes_emb_218,0.001549156771006476
rfc_random_oversample,notes_emb_219,0.001434621165072209
rfc_random_oversample,notes_emb_220,0.002044545762957592
rfc_random_oversample,notes_emb_221,0.002286684141823956
rfc_random_oversample,notes_emb_222,0.0041646220716869435
rfc_random_oversample,notes_emb_223,0.0021087160346509775
rfc_random_oversample,notes_emb_224,0.0022382120860490306
rfc_random_oversample,notes_emb_225,0.005035730780198253
rfc_random_oversample,notes_emb_226,0.0021497287431230107
rfc_random_oversample,notes_emb_227,0.002030336417936526
rfc_random_oversample,notes_emb_228,0.0026654238695450866
rfc_random_oversample,notes_emb_229,0.002122112999081839
rfc_random_oversample,notes_emb_230,0.0021939084710228475
rfc_random_oversample,notes_emb_231,0.0015990778778292958
rfc_random_oversample,notes_emb_232,0.00400440328131996
rfc_random_oversample,notes_emb_233,0.0028182142560575513
rfc_random_oversample,notes_emb_234,0.0023910960276129194
rfc_random_oversample,notes_emb_235,0.0018129121916997829
rfc_random_oversample,notes_emb_236,0.002182976244884583
rfc_random_oversample,notes_emb_237,0.0015757279768878357
rfc_random_oversample,notes_emb_238,0.002650810288745775
rfc_random_oversample,notes_emb_239,0.001722693845670499
rfc_random_oversample,notes_emb_240,0.0019314312942185785
rfc_random_oversample,notes_emb_241,0.00172543596944551
rfc_random_oversample,notes_emb_242,0.0017026366540350783
rfc_random_oversample,notes_emb_243,0.00213478084099611
rfc_random_oversample,notes_emb_244,0.0017863751828364211
rfc_random_oversample,notes_emb_245,0.001789583893651833
rfc_random_oversample,notes_emb_246,0.002080785912109292
rfc_random_oversample,notes_emb_247,0.003794142903005476
rfc_random_oversample,notes_emb_248,0.0025900395622229042
rfc_random_oversample,notes_emb_249,0.0018627735643561639
rfc_random_oversample,notes_emb_250,0.0016064151110797135
rfc_random_oversample,notes_emb_251,0.0019810697122866453
rfc_random_oversample,notes_emb_252,0.0035071091891394728
rfc_random_oversample,notes_emb_253,0.009846464349453353
rfc_random_oversample,notes_emb_254,0.0017792230755221885
rfc_random_oversample,notes_emb_255,0.012590312919862035
rfc_random_oversample,notes_emb_256,0.006849696292430157
rfc_random_oversample,notes_emb_257,0.001417902814061795
rfc_random_oversample,notes_emb_258,0.002214856474272349
rfc_random_oversample,notes_emb_259,0.0021596840976061335
rfc_random_oversample,notes_emb_260,0.0018288806313779436
rfc_random_oversample,notes_emb_261,0.0015222241474467872
rfc_random_oversample,notes_emb_262,0.0016142202128947797
rfc_random_oversample,notes_emb_263,0.0029700348121478102
rfc_random_oversample,notes_emb_264,0.004485443150362086
rfc_random_oversample,notes_emb_265,0.0021259731315274428
rfc_random_oversample,notes_emb_266,0.002247678235573904
rfc_random_oversample,notes_emb_267,0.0049747694631101435
rfc_random_oversample,notes_emb_268,0.001478285793879294
rfc_random_oversample,notes_emb_269,0.008918591528827879
rfc_random_oversample,notes_emb_270,0.001954250725147089
rfc_random_oversample,notes_emb_271,0.001881002085088776
rfc_random_oversample,notes_emb_272,0.005842816579168337
rfc_random_oversample,notes_emb_273,0.009607263235542214
rfc_random_oversample,notes_emb_274,0.0016351834325860836
rfc_random_oversample,notes_emb_275,0.0022918911447074833
rfc_random_oversample,notes_emb_276,0.001596872869221143
rfc_random_oversample,notes_emb_277,0.001631630846468876
rfc_random_oversample,notes_emb_278,0.0020279163996905387
rfc_random_oversample,notes_emb_279,0.006162315265416479
rfc_random_oversample,notes_emb_280,0.0018600094020597353
rfc_random_oversample,notes_emb_281,0.0018573988170583694
rfc_random_oversample,notes_emb_282,0.002528178272694459
rfc_random_oversample,notes_emb_283,0.0015965594942916079
rfc_random_oversample,notes_emb_284,0.0026800083425248143
rfc_random_oversample,notes_emb_285,0.0015841576174352287
rfc_random_oversample,notes_emb_286,0.0018257283805267965
rfc_random_oversample,notes_emb_287,0.0017494497961178636
rfc_random_oversample,notes_emb_288,0.002626875068236948
rfc_random_oversample,notes_emb_289,0.002531051390811182
rfc_random_oversample,notes_emb_290,0.0022046471078924633
rfc_random_oversample,notes_emb_291,0.001829456586039054
rfc_random_oversample,notes_emb_292,0.0015876151252360645
rfc_random_oversample,notes_emb_293,0.0018513741483591733
rfc_random_oversample,notes_emb_294,0.0022313923097672626
rfc_random_oversample,notes_emb_295,0.0018020781759898476
rfc_random_oversample,notes_emb_296,0.0017048392507030244
rfc_random_oversample,notes_emb_297,0.0018835109676739244
rfc_random_oversample,notes_emb_298,0.004207750875077004
rfc_random_oversample,notes_emb_299,0.001399086049010575
rfc_random_oversample,notes_emb_300,0.0012913145433621983
rfc_random_oversample,notes_emb_301,0.0018042386467046901
rfc_random_oversample,notes_emb_302,0.002039678638607009
rfc_random_oversample,notes_emb_303,0.0019127553987129853
rfc_random_oversample,notes_emb_304,0.0018470958544435257
rfc_random_oversample,notes_emb_305,0.0045138221267078974
rfc_random_oversample,notes_emb_306,0.0026890230411266325
rfc_random_oversample,notes_emb_307,0.004017115313053067
rfc_random_oversample,notes_emb_308,0.005469348293937926
rfc_random_oversample,notes_emb_309,0.0018437519418645987
rfc_random_oversample,notes_emb_310,0.0014568372558115025
rfc_random_oversample,notes_emb_311,0.004307124582049047
rfc_random_oversample,notes_emb_312,0.0018755419905027715
rfc_random_oversample,notes_emb_313,0.0023361358279633455
rfc_random_oversample,notes_emb_314,0.002324997878483766
rfc_random_oversample,notes_emb_315,0.003417385607462577
rfc_random_oversample,notes_emb_316,0.002446831671188274
rfc_random_oversample,notes_emb_317,0.0019465677783115512
rfc_random_oversample,notes_emb_318,0.0016979335950897908
rfc_random_oversample,notes_emb_319,0.002065613140646778
rfc_random_oversample,notes_emb_320,0.002034276870624939
rfc_random_oversample,notes_emb_321,0.002551024355226559
rfc_random_oversample,notes_emb_322,0.0017356298251501056
rfc_random_oversample,notes_emb_323,0.0019276676627212892
rfc_random_oversample,notes_emb_324,0.0012834291369106096
rfc_random_oversample,notes_emb_325,0.0025391176818988738
rfc_random_oversample,notes_emb_326,0.0026302098461655887
rfc_random_oversample,notes_emb_327,0.0018702084852694873
rfc_random_oversample,notes_emb_328,0.005738538919766532
rfc_random_oversample,notes_emb_329,0.001757635898994528
rfc_random_oversample,notes_emb_330,0.0032548010676714105
rfc_random_oversample,notes_emb_331,0.0033849643511813794
rfc_random_oversample,notes_emb_332,0.001748505079420087
rfc_random_oversample,notes_emb_333,0.0019494949117366419
rfc_random_oversample,notes_emb_334,0.0014083728381741008
rfc_random_oversample,notes_emb_335,0.0013533277286543308
rfc_random_oversample,notes_emb_336,0.0016689307881499105
rfc_random_oversample,notes_emb_337,0.0018378806089849639
rfc_random_oversample,notes_emb_338,0.0019110839033457355
rfc_random_oversample,notes_emb_339,0.0037483767092864094
rfc_random_oversample,notes_emb_340,0.0019647413152176817
rfc_random_oversample,notes_emb_341,0.0017886164210192661
rfc_random_oversample,notes_emb_342,0.0017539617784291125
rfc_random_oversample,notes_emb_343,0.002352334991814033
rfc_random_oversample,notes_emb_344,0.0020407728446380532
rfc_random_oversample,notes_emb_345,0.00558343618355992
rfc_random_oversample,notes_emb_346,0.003639022032695269
rfc_random_oversample,notes_emb_347,0.0016731970420555049
rfc_random_oversample,notes_emb_348,0.001445193353544192
rfc_random_oversample,notes_emb_349,0.003346731982641777
rfc_random_oversample,notes_emb_350,0.005614967456282708
rfc_random_oversample,notes_emb_351,0.001809735279417949
rfc_random_oversample,notes_emb_352,0.0022997948978327413
rfc_random_oversample,notes_emb_353,0.0021001351997774285
rfc_random_oversample,notes_emb_354,0.001761875346170163
rfc_random_oversample,notes_emb_355,0.00195757396953134
rfc_random_oversample,notes_emb_356,0.001548743837065001
rfc_random_oversample,notes_emb_357,0.0025284701576160818
rfc_random_oversample,notes_emb_358,0.0013996716817935198
rfc_random_oversample,notes_emb_359,0.0019274485891874896
rfc_random_oversample,notes_emb_360,0.0033232619461039093
rfc_random_oversample,notes_emb_361,0.0036305000020316687
rfc_random_oversample,notes_emb_362,0.004066489684167328
rfc_random_oversample,notes_emb_363,0.001694837351884248
rfc_random_oversample,notes_emb_364,0.005858021251064023
rfc_random_oversample,notes_emb_365,0.0018776849848497056
rfc_random_oversample,notes_emb_366,0.0013332611328339078
rfc_random_oversample,notes_emb_367,0.0018173306399626818
rfc_random_oversample,notes_emb_368,0.0018538819415456153
rfc_random_oversample,notes_emb_369,0.002580739188118486
rfc_random_oversample,notes_emb_370,0.0015162838165243334
rfc_random_oversample,notes_emb_371,0.001659806309156516
rfc_random_oversample,notes_emb_372,0.0016494883516685144
rfc_random_oversample,notes_emb_373,0.0016449047221560218
rfc_random_oversample,notes_emb_374,0.001588840428451442
rfc_random_oversample,notes_emb_375,0.0017031047265860808
rfc_random_oversample,notes_emb_376,0.0025717936616358127
rfc_random_oversample,notes_emb_377,0.0019579234956106496
rfc_random_oversample,notes_emb_378,0.0019085965188708146
rfc_random_oversample,notes_emb_379,0.0017114989651938431
rfc_random_oversample,notes_emb_380,0.0022021480059594557
rfc_random_oversample,notes_emb_381,0.002497121942112932
rfc_random_oversample,notes_emb_382,0.002372580276237022
rfc_random_oversample,notes_emb_383,0.0017846469238835462
rfc_smote_enn,civilian_targeting,0.022950428285846956
rfc_smote_enn,fatalities,0.10526399706618175
rfc_smote_enn,violence_against_women,0.0
rfc_smote_enn,sub_event_type_Abduction/forced disappearance,1.9237449774749934e-05
rfc_smote_enn,sub_event_type_Air/drone strike,0.0
rfc_smote_enn,sub_event_type_Armed clash,0.019996667001697097
rfc_smote_enn,sub_event_type_Attack,0.006353645320109041
rfc_smote_enn,sub_event_type_Government regains territory,0.0
rfc_smote_enn,sub_event_type_Grenade,0.0
rfc_smote_enn,sub_event_type_Non-state actor overtakes territory,0.00031490455940408525
rfc_smote_enn,sub_event_type_Remote explosive/landmine/IED,0.0008616767753313729
rfc_smote_enn,sub_event_type_Sexual violence,0.0
rfc_smote_enn,sub_event_type_Shelling/artillery/missile attack,0.0004245476925797277
rfc_smote_enn,sub_event_type_Suicide bomb,2.537503132094878e-05
rfc_smote_enn,notes_emb_0,0.007796019976834367
rfc_smote_enn,notes_emb_1,0.0011858883762531122
rfc_smote_enn,notes_emb_2,0.00217466813849943
rfc_smote_enn,notes_emb_3,0.001202723546256066
rfc_smote_enn,notes_emb_4,0.006403725187755239
rfc_smote_enn,notes_emb_5,0.0023717747106352534
rfc_smote_enn,notes_emb_6,0.0015125636098371246
rfc_smote_enn,notes_emb_7,0.0013436995355133395
rfc_smote_enn,notes_emb_8,0.002542496071483998
rfc_smote_enn,notes_emb_9,0.001550956600202512
rfc_smote_enn,notes_emb_10,0.0016896653046996166
rfc_smote_enn,notes_emb_11,0.0009888098766642726
rfc_smote_enn,notes_emb_12,0.001531182372763219
rfc_smote_enn,notes_emb_13,0.0010225770745081258
rfc_smote_enn,notes_emb_14,0.00098047332669933
rfc_smote_enn,notes_emb_15,0.0015922793913564354
rfc_smote_enn,notes_emb_16,0.0018380322594154109
rfc_smote_enn,notes_emb_17,0.001670271996748617
rfc_smote_enn,notes_emb_18,0.0025610258952080763
rfc_smote_enn,notes_emb_19,0.0010528169443072297
rfc_smote_enn,notes_emb_20,0.0012403141469308088
rfc_smote_enn,notes_emb_21,0.00264858782282691
rfc_smote_enn,notes_emb_22,0.0022419425773542436
rfc_smote_enn,notes_emb_23,0.0027577727319946397
rfc_smote_enn,notes_emb_24,0.0029905552666933235
rfc_smote_enn,notes_emb_25,0.0015423032813826681
rfc_smote_enn,notes_emb_26,0.0013481197283100122
rfc_smote_enn,notes_emb_27,0.0024247685450276496
rfc_smote_enn,notes_emb_28,0.0012731783035165817
rfc_smote_enn,notes_emb_29,0.0024864408059733405
rfc_smote_enn,notes_emb_30,0.0009986132788018535
rfc_smote_enn,notes_emb_31,0.0008805612261853889
rfc_smote_enn,notes_emb_32,0.0016839335735814134
rfc_smote_enn,notes_emb_33,0.0009135946942202043
rfc_smote_enn,notes_emb_34,0.001248612447579334
rfc_smote_enn,notes_emb_35,0.002966812009408029
rfc_smote_enn,notes_emb_36,0.00173317924552108
rfc_smote_enn,notes_emb_37,0.001037880997046968
rfc_smote_enn,notes_emb_38,0.003462851253381547
rfc_smote_enn,notes_emb_39,0.0012515803467602715
rfc_smote_enn,notes_emb_40,0.0023352603862241135
rfc_smote_enn,notes_emb_41,0.0016194403088332751
rfc_smote_enn,notes_emb_42,0.0011381797716955655
rfc_smote_enn,notes_emb_43,0.0009699638231294211
rfc_smote_enn,notes_emb_44,0.0036781518737734357
rfc_smote_enn,notes_emb_45,0.0008856344534009415
rfc_smote_enn,notes_emb_46,0.0018636149623616242
rfc_smote_enn,notes_emb_47,0.0009199525621910512
rfc_smote_enn,notes_emb_48,0.0007041666437934842
rfc_smote_enn,notes_emb_49,0.0024538956731417786
rfc_smote_enn,notes_emb_50,0.0020161297058930443
rfc_smote_enn,notes_emb_51,0.0013570461315432782
rfc_smote_enn,notes_emb_52,0.0037022669211033794
rfc_smote_enn,notes_emb_53,0.0016213251459810786
rfc_smote_enn,notes_emb_54,0.0018258330519397578
rfc_smote_enn,notes_emb_55,0.0013429038001417292
rfc_smote_enn,notes_emb_56,0.0028306088435145708
rfc_smote_enn,notes_emb_57,0.0024469713927484237
rfc_smote_enn,notes_emb_58,0.0006239225667465774
rfc_smote_enn,notes_emb_59,0.0009458699302130184
rfc_smote_enn,notes_emb_60,0.0012009156101626683
rfc_smote_enn,notes_emb_61,0.0010257004062679117
rfc_smote_enn,notes_emb_62,0.001992491524328353
rfc_smote_enn,notes_emb_63,0.0011023349428264636
rfc_smote_enn,notes_emb_64,0.001448033561402214
rfc_smote_enn,notes_emb_65,0.012465108098816886
rfc_smote_enn,notes_emb_66,0.003097690362215563
rfc_smote_enn,notes_emb_67,0.001809516583379098
rfc_smote_enn,notes_emb_68,0.0011539198166474224
rfc_smote_enn,notes_emb_69,0.0037828765237850827
rfc_smote_enn,notes_emb_70,0.0013114405523870596
rfc_smote_enn,notes_emb_71,0.005873183343271367
rfc_smote_enn,notes_emb_72,0.007249313164110694
rfc_smote_enn,notes_emb_73,0.0011458962945779224
rfc_smote_enn,notes_emb_74,0.0031125945249787135
rfc_smote_enn,notes_emb_75,0.001464215739130944
rfc_smote_enn,notes_emb_76,0.002379279335292684
rfc_smote_enn,notes_emb_77,0.0008965251460036651
rfc_smote_enn,notes_emb_78,0.0012254923443308335
rfc_smote_enn,notes_emb_79,0.0016183701582421506
rfc_smote_enn,notes_emb_80,0.001305932483981292
rfc_smote_enn,notes_emb_81,0.0011682556671410464
rfc_smote_enn,notes_emb_82,0.0024030556864690035
rfc_smote_enn,notes_emb_83,0.001011705763600812
rfc_smote_enn,notes_emb_84,0.0016024024682889642
rfc_smote_enn,notes_emb_85,0.0009496194949599988
rfc_smote_enn,notes_emb_86,0.0007869829843411438
rfc_smote_enn,notes_emb_87,0.002441608194856785
rfc_smote_enn,notes_emb_88,0.002940631511071726
rfc_smote_enn,notes_emb_89,0.0014732936163129378
rfc_smote_enn,notes_emb_90,0.001350458787560007
rfc_smote_enn,notes_emb_91,0.008531102243473046
rfc_smote_enn,notes_emb_92,0.0016510747032662573
rfc_smote_enn,notes_emb_93,0.0014022764968375028
rfc_smote_enn,notes_emb_94,0.001097112265767562
rfc_smote_enn,notes_emb_95,0.0008761953922635598
rfc_smote_enn,notes_emb_96,0.0016737639901218016
rfc_smote_enn,notes_emb_97,0.0016803564323192568
rfc_smote_enn,notes_emb_98,0.0015239075388074313
rfc_smote_enn,notes_emb_99,0.00133872781760073
rfc_smote_enn,notes_emb_100,0.001385974390989123
rfc_smote_enn,notes_emb_101,0.004907768047240386
rfc_smote_enn,notes_emb_102,0.002609359336090536
rfc_smote_enn,notes_emb_103,0.0007771886621893918
rfc_smote_enn,notes_emb_104,0.0037168943229571256
rfc_smote_enn,notes_emb_105,0.0007397580235150432
rfc_smote_enn,notes_emb_106,0.0011189930339402805
rfc_smote_enn,notes_emb_107,0.004290002547516664
rfc_smote_enn,notes_emb_108,0.0008574667165897729
rfc_smote_enn,notes_emb_109,0.0011285681699484504
rfc_smote_enn,notes_emb_110,0.0016829035762426945
rfc_smote_enn,notes_emb_111,0.0010866271014090018
rfc_smote_enn,notes_emb_112,0.001669195801379435
rfc_smote_enn,notes_emb_113,0.0011368422101715942
rfc_smote_enn,notes_emb_114,0.026251844608025664
rfc_smote_enn,notes_emb_115,0.0009939093683606019
rfc_smote_enn,notes_emb_116,0.0017388397168070164
rfc_smote_enn,notes_emb_117,0.0019900134292973144
rfc_smote_enn,notes_emb_118,0.0015478067314468873
rfc_smote_enn,notes_emb_119,0.006348798334311119
rfc_smote_enn,notes_emb_120,0.00094311980514335
rfc_smote_enn,notes_emb_121,0.0014846311951190105
rfc_smote_enn,notes_emb_122,0.0017137484082700933
rfc_smote_enn,notes_emb_123,0.003456962597178015
rfc_smote_enn,notes_emb_124,0.004533415756418757
rfc_smote_enn,notes_emb_125,0.0016936153144311125
rfc_smote_enn,notes_emb_126,0.0018663637469886853
rfc_smote_enn,notes_emb_127,0.002147362565339466
rfc_smote_enn,notes_emb_128,0.0008181707244426982
rfc_smote_enn,notes_emb_129,0.0011635178460978732
rfc_smote_enn,notes_emb_130,0.0015684246938148395
rfc_smote_enn,notes_emb_131,0.0018596394809866617
rfc_smote_enn,notes_emb_132,0.002395561410994844
rfc_smote_enn,notes_emb_133,0.00130843225090205
rfc_smote_enn,notes_emb_134,0.0009030231302421338
rfc_smote_enn,notes_emb_135,0.0046840783192841845
rfc_smote_enn,notes_emb_136,0.0009746000598312625
rfc_smote_enn,notes_emb_137,0.0011063881315897927
rfc_smote_enn,notes_emb_138,0.0022080136471697843
rfc_smote_enn,notes_emb_139,0.0011236983588103285
rfc_smote_enn,notes_emb_140,0.0010837117464874194
rfc_smote_enn,notes_emb_141,0.0007783070018363133
rfc_smote_enn,notes_emb_142,0.001252753274168829
rfc_smote_enn,notes_emb_143,0.0018931523804685923
rfc_smote_enn,notes_emb_144,0.0023428012804402477
rfc_smote_enn,notes_emb_145,0.0013334221991214282
rfc_smote_enn,notes_emb_146,0.0008787875695115609
rfc_smote_enn,notes_emb_147,0.0015821162587951148
rfc_smote_enn,notes_emb_148,0.0006872744285295116
rfc_smote_enn,notes_emb_149,0.001200960765841627
rfc_smote_enn,notes_emb_150,0.0022318835368356515
rfc_smote_enn,notes_emb_151,0.001095080129957937
rfc_smote_enn,notes_emb_152,0.0013898402153989004
rfc_smote_enn,notes_emb_153,0.0011905707086562116
rfc_smote_enn,notes_emb_154,0.001808753228961505
rfc_smote_enn,notes_emb_155,0.001145438805202305
rfc_smote_enn,notes_emb_156,0.004269029065686117
rfc_smote_enn,notes_emb_157,0.0005953034838678339
rfc_smote_enn,notes_emb_158,0.0011393233697067264
rfc_smote_enn,notes_emb_159,0.000867457778303693
rfc_smote_enn,notes_emb_160,0.0014413595896419207
rfc_smote_enn,notes_emb_161,0.004308278915184971
rfc_smote_enn,notes_emb_162,0.003548729276433916
rfc_smote_enn,notes_emb_163,0.004007317103953608
rfc_smote_enn,notes_emb_164,0.0016081028197953728
rfc_smote_enn,notes_emb_165,0.001556987201200646
rfc_smote_enn,notes_emb_166,0.0011970292241239243
rfc_smote_enn,notes_emb_167,0.002894357659904957
rfc_smote_enn,notes_emb_168,0.0025401818682316856
rfc_smote_enn,notes_emb_169,0.0031986501163336865
rfc_smote_enn,notes_emb_170,0.0014832754074789944
rfc_smote_enn,notes_emb_171,0.0007904040622788179
rfc_smote_enn,notes_emb_172,0.0013848758664696012
rfc_smote_enn,notes_emb_173,0.00102966906056308
rfc_smote_enn,notes_emb_174,0.0014916737233675096
rfc_smote_enn,notes_emb_175,0.0024537569829605936
rfc_smote_enn,notes_emb_176,0.0009800156834796827
rfc_smote_enn,notes_emb_177,0.0010062340196189522
rfc_smote_enn,notes_emb_178,0.001657953039594055
rfc_smote_enn,notes_emb_179,0.001996669078097711
rfc_smote_enn,notes_emb_180,0.002721263791457063
rfc_smote_enn,notes_emb_181,0.0014425358740329638
rfc_smote_enn,notes_emb_182,0.010238038163557783
rfc_smote_enn,notes_emb_183,0.001165059689561821
rfc_smote_enn,notes_emb_184,0.0013818927421949546
rfc_smote_enn,notes_emb_185,0.0011122112581139721
rfc_smote_enn,notes_emb_186,0.001380163744804229
rfc_smote_enn,notes_emb_187,0.0017364292264880233
rfc_smote_enn,notes_emb_188,0.002860114202980488
rfc_smote_enn,notes_emb_189,0.001339522278828659
rfc_smote_enn,notes_emb_190,0.002875885810474334
rfc_smote_enn,notes_emb_191,0.0025317268535647564
rfc_smote_enn,notes_emb_192,0.0012013699557526134
rfc_smote_enn,notes_emb_193,0.0018139049117743705
rfc_smote_enn,notes_emb_194,0.0009043592358805342
rfc_smote_enn,notes_emb_195,0.0016766207499670483
rfc_smote_enn,notes_emb_196,0.0017352351230252886
rfc_smote_enn,notes_emb_197,0.0023720747169844697
rfc_smote_enn,notes_emb_198,0.0017277385667223233
rfc_smote_enn,notes_emb_199,0.0029377121904713126
rfc_smote_enn,notes_emb_200,0.0008602203339819604
rfc_smote_enn,notes_emb_201,0.0012214368587242109
rfc_smote_enn,notes_emb_202,0.0021557447312967504
rfc_smote_enn,notes_emb_203,0.0009623780677036507
rfc_smote_enn,notes_emb_204,0.002108723555053173
rfc_smote_enn,notes_emb_205,0.0011724758918161928
rfc_smote_enn,notes_emb_206,0.0019077659050520477
rfc_smote_enn,notes_emb_207,0.0016675958477231137
rfc_smote_enn,notes_emb_208,0.0022353543354238408
rfc_smote_enn,notes_emb_209,0.0008951483621829537
rfc_smote_enn,notes_emb_210,0.0012241508965489395
rfc_smote_enn,notes_emb_211,0.0031968715233792935
rfc_smote_enn,notes_emb_212,0.0010318702314588955
rfc_smote_enn,notes_emb_213,0.0012462970422190197
rfc_smote_enn,notes_emb_214,0.003171582912960231
rfc_smote_enn,notes_emb_215,0.0012144665920092441
rfc_smote_enn,notes_emb_216,0.0011377364612158635
rfc_smote_enn,notes_emb_217,0.0010825461270725088
rfc_smote_enn,notes_emb_218,0.000889971968110474
rfc_smote_enn,notes_emb_219,0.0009903616575713434
rfc_smote_enn,notes_emb_220,0.0017050871017924834
rfc_smote_enn,notes_emb_221,0.0016180654526974114
rfc_smote_enn,notes_emb_222,0.005014733106447106
rfc_smote_enn,notes_emb_223,0.002339428342988477
rfc_smote_enn,notes_emb_224,0.0020114715441228565
rfc_smote_enn,notes_emb_225,0.004341977957607341
rfc_smote_enn,notes_emb_226,0.0011791727641513121
rfc_smote_enn,notes_emb_227,0.0010918961664160482
rfc_smote_enn,notes_emb_228,0.0016839489284115484
rfc_smote_enn,notes_emb_229,0.0014288804422268654
rfc_smote_enn,notes_emb_230,0.0007723866225273683
rfc_smote_enn,notes_emb_231,0.0011851996441234753
rfc_smote_enn,notes_emb_232,0.005172252910354095
rfc_smote_enn,notes_emb_233,0.001485632182726292
rfc_smote_enn,notes_emb_234,0.0016105830172393227
rfc_smote_enn,notes_emb_235,0.001230526499316395
rfc_smote_enn,notes_emb_236,0.0012051015874851348
rfc_smote_enn,notes_emb_237,0.0014084949715740553
rfc_smote_enn,notes_emb_238,0.0018423631262007073
rfc_smote_enn,notes_emb_239,0.0007933913574222673
rfc_smote_enn,notes_emb_240,0.0021899108079075917
rfc_smote_enn,notes_emb_241,0.0014977347359623296
rfc_smote_enn,notes_emb_242,0.0008627096523642172
rfc_smote_enn,notes_emb_243,0.0009022943515184082
rfc_smote_enn,notes_emb_244,0.0011955617578966525
rfc_smote_enn,notes_emb_245,0.0011737280580792944
rfc_smote_enn,notes_emb_246,0.0008883547938125439
rfc_smote_enn,notes_emb_247,0.003826942490669415
rfc_smote_enn,notes_emb_248,0.0031316754769801854
rfc_smote_enn,notes_emb_249,0.0015087202218204408
rfc_smote_enn,notes_emb_250,0.001100705214406957
rfc_smote_enn,notes_emb_251,0.002210391331953811
rfc_smote_enn,notes_emb_252,0.0020543630261885795
rfc_smote_enn,notes_emb_253,0.014688822200840921
rfc_smote_enn,notes_emb_254,0.0009475601316885418
rfc_smote_enn,notes_emb_255,0.01371604634417261
rfc_smote_enn,notes_emb_256,0.006092427293878781
rfc_smote_enn,notes_emb_257,0.0008596170883860513
rfc_smote_enn,notes_emb_258,0.0012354231346604868
rfc_smote_enn,notes_emb_259,0.0010355220853311246
rfc_smote_enn,notes_emb_260,0.0008666203524438458
rfc_smote_enn,notes_emb_261,0.0011156455046392288
rfc_smote_enn,notes_emb_262,0.00086508518613498
rfc_smote_enn,notes_emb_263,0.0037481813263114568
rfc_smote_enn,notes_emb_264,0.012160132649054222
rfc_smote_enn,notes_emb_265,0.001743679641961006
rfc_smote_enn,notes_emb_266,0.0012487226003975423
rfc_smote_enn,notes_emb_267,0.006985946835193323
rfc_smote_enn,notes_emb_268,0.001582262199738209
rfc_smote_enn,notes_emb_269,0.015476957363344326
rfc_smote_enn,notes_emb_270,0.0011184567222122048
rfc_smote_enn,notes_emb_271,0.0007831872342986678
rfc_smote_enn,notes_emb_272,0.0037016495665891103
rfc_smote_enn,notes_emb_273,0.020846286787442696
rfc_smote_enn,notes_emb_274,0.001125527698687993
rfc_smote_enn,notes_emb_275,0.0013886618339431678
rfc_smote_enn,notes_emb_276,0.0011479680541471278
rfc_smote_enn,notes_emb_277,0.0013083082116713788
rfc_smote_enn,notes_emb_278,0.0007969261773692591
rfc_smote_enn,notes_emb_279,0.007855918968043964
rfc_smote_enn,notes_emb_280,0.0017826413186968757
rfc_smote_enn,notes_emb_281,0.0011288176438358764
rfc_smote_enn,notes_emb_282,0.0010971865749685968
rfc_smote_enn,notes_emb_283,0.001370649657504051
rfc_smote_enn,notes_emb_284,0.0018657051874300477
rfc_smote_enn,notes_emb_285,0.0013618129627297937
rfc_smote_enn,notes_emb_286,0.0011046367710202088
rfc_smote_enn,notes_emb_287,0.0007440224729371478
rfc_smote_enn,notes_emb_288,0.0023797250064351125
rfc_smote_enn,notes_emb_289,0.0011638244593182947
rfc_smote_enn,notes_emb_290,0.0013223269226280978
rfc_smote_enn,notes_emb_291,0.0011373206241067557
rfc_smote_enn,notes_emb_292,0.0011514353667449264
rfc_smote_enn,notes_emb_293,0.0009140822964451224
rfc_smote_enn,notes_emb_294,0.0013687893216329417
rfc_smote_enn,notes_emb_295,0.0011983141358517695
rfc_smote_enn,notes_emb_296,0.0010431555677636467
rfc_smote_enn,notes_emb_297,0.0012965136228087005
rfc_smote_enn,notes_emb_298,0.005659455704566956
rfc_smote_enn,notes_emb_299,0.0008265223957870855
rfc_smote_enn,notes_emb_300,0.0008154001617959707
rfc_smote_enn,notes_emb_301,0.0008968260253205814
rfc_smote_enn,notes_emb_302,0.0017259094553784507
rfc_smote_enn,notes_emb_303,0.002296254501976889
rfc_smote_enn,notes_emb_304,0.001459740927243771
rfc_smote_enn,notes_emb_305,0.005596708504075245
rfc_smote_enn,notes_emb_306,0.0023003998568957617
rfc_smote_enn,notes_emb_307,0.0028730270551723747
rfc_smote_enn,notes_emb_308,0.008502020935971681
rfc_smote_enn,notes_emb_309,0.0012969257626123246
rfc_smote_enn,notes_emb_310,0.0014541778312782267
rfc_smote_enn,notes_emb_311,0.0077104634296622865
rfc_smote_enn,notes_emb_312,0.0012197346109298665
rfc_smote_enn,notes_emb_313,0.001954312989093743
rfc_smote_enn,notes_emb_314,0.0013120239028261921
rfc_smote_enn,notes_emb_315,0.0032028750372311765
rfc_smote_enn,notes_emb_316,0.0023018361664553758
rfc_smote_enn,notes_emb_317,0.001440222524136149
rfc_smote_enn,notes_emb_318,0.001568599363697482
rfc_smote_enn,notes_emb_319,0.0018247280326853582
rfc_smote_enn,notes_emb_320,0.001628108577883277
rfc_smote_enn,notes_emb_321,0.0037721157096441867
rfc_smote_enn,notes_emb_322,0.001220478883742859
rfc_smote_enn,notes_emb_323,0.00198651485361853
rfc_smote_enn,notes_emb_324,0.0012386617395004904
rfc_smote_enn,notes_emb_325,0.0023569439896407823
rfc_smote_enn,notes_emb_326,0.001963326426512714
rfc_smote_enn,notes_emb_327,0.0014940459359231758
rfc_smote_enn,notes_emb_328,0.008873555680856439
rfc_smote_enn,notes_emb_329,0.0017407174146763182
rfc_smote_enn,notes_emb_330,0.0025590669007734494
rfc_smote_enn,notes_emb_331,0.004137956069137668
rfc_smote_enn,notes_emb_332,0.0013225257542969664
rfc_smote_enn,notes_emb_333,0.0013648971825447956
rfc_smote_enn,notes_emb_334,0.001035773351318011
rfc_smote_enn,notes_emb_335,0.0009689074423074616
rfc_smote_enn,notes_emb_336,0.000868206796926612
rfc_smote_enn,notes_emb_337,0.001269376304254213
rfc_smote_enn,notes_emb_338,0.0013170309351169718
rfc_smote_enn,notes_emb_339,0.0025104007077528644
rfc_smote_enn,notes_emb_340,0.0010612796059446413
rfc_smote_enn,notes_emb_341,0.0011636450015847578
rfc_smote_enn,notes_emb_342,0.0009747360650174174
rfc_smote_enn,notes_emb_343,0.001390223858129872
rfc_smote_enn,notes_emb_344,0.0013131400802227058
rfc_smote_enn,notes_emb_345,0.00425871149084196
rfc_smote_enn,notes_emb_346,0.0020677275435745323
rfc_smote_enn,notes_emb_347,0.0016935997761183233
rfc_smote_enn,notes_emb_348,0.0012132342743031315
rfc_smote_enn,notes_emb_349,0.0028913321597014924
rfc_smote_enn,notes_emb_350,0.006726356163991115
rfc_smote_enn,notes_emb_351,0.0010528537612754284
rfc_smote_enn,notes_emb_352,0.0018460238276903126
rfc_smote_enn,notes_emb_353,0.0013590335792685064
rfc_smote_enn,notes_emb_354,0.0010819215521020908
rfc_smote_enn,notes_emb_355,0.0012804243156484825
rfc_smote_enn,notes_emb_356,0.0016403123188411819
rfc_smote_enn,notes_emb_357,0.0011106342992362682
rfc_smote_enn,notes_emb_358,0.001425376390623613
rfc_smote_enn,notes_emb_359,0.001472693763134602
rfc_smote_enn,notes_emb_360,0.002084704822378177
rfc_smote_enn,notes_emb_361,0.0010928957471490967
rfc_smote_enn,notes_emb_362,0.0022001655603383187
rfc_smote_enn,notes_emb_363,0.0009850747188156867
rfc_smote_enn,notes_emb_364,0.006294546355466585
rfc_smote_enn,notes_emb_365,0.0020359879025207235
rfc_smote_enn,notes_emb_366,0.0009532512547270027
rfc_smote_enn,notes_emb_367,0.0010315063911446442
rfc_smote_enn,notes_emb_368,0.0011628559967299128
rfc_smote_enn,notes_emb_369,0.0022367125524846397
rfc_smote_enn,notes_emb_370,0.0015425573281341684
rfc_smote_enn,notes_emb_371,0.0009745304989758473
rfc_smote_enn,notes_emb_372,0.0011899043834671086
rfc_smote_enn,notes_emb_373,0.0012921624257483926
rfc_smote_enn,notes_emb_374,0.0013978042043998338
rfc_smote_enn,notes_emb_375,0.001317371523927993
rfc_smote_enn,notes_emb_376,0.0017152492007113654
rfc_smote_enn,notes_emb_377,0.0016696707544749051
rfc_smote_enn,notes_emb_378,0.0013585055952354777
rfc_smote_enn,notes_emb_379,0.000994867626499161
rfc_smote_enn,notes_emb_380,0.0011911474874780278
rfc_smote_enn,notes_emb_381,0.0013656990913267003
rfc_smote_enn,notes_emb_382,0.0014247465856202157
rfc_smote_enn,notes_emb_383,0.0010640585168777985
rfc_smote_tomek,civilian_targeting,0.018772092856322694
rfc_smote_tomek,fatalities,0.08493268385381275
rfc_smote_tomek,violence_against_women,0.0
rfc_smote_tomek,sub_event_type_Abduction/forced disappearance,9.536190168055651e-06
rfc_smote_tomek,sub_event_type_Air/drone strike,0.0
rfc_smote_tomek,sub_event_type_Armed clash,0.01728307741895621
rfc_smote_tomek,sub_event_type_Attack,0.003551894482340737
rfc_smote_tomek,sub_event_type_Government regains territory,0.0
rfc_smote_tomek,sub_event_type_Grenade,3.881384787697453e-06
rfc_smote_tomek,sub_event_type_Non-state actor overtakes territory,0.00022260576654840907
rfc_smote_tomek,sub_event_type_Remote explosive/landmine/IED,0.0007558961354841501
rfc_smote_tomek,sub_event_type_Sexual violence,0.0
rfc_smote_tomek,sub_event_type_Shelling/artillery/missile attack,0.00048614168068070266
rfc_smote_tomek,sub_event_type_Suicide bomb,1.7141986590693518e-05
rfc_smote_tomek,notes_emb_0,0.0031532874888064635
rfc_smote_tomek,notes_emb_1,0.0015608132461438363
rfc_smote_tomek,notes_emb_2,0.0019384573053865606
rfc_smote_tomek,notes_emb_3,0.0017078866626292204
rfc_smote_tomek,notes_emb_4,0.003599397067095558
rfc_smote_tomek,notes_emb_5,0.0017761142157201946
rfc_smote_tomek,notes_emb_6,0.0014396222669661788
rfc_smote_tomek,notes_emb_7,0.0016211689370888003
rfc_smote_tomek,notes_emb_8,0.0032483812777316305
rfc_smote_tomek,notes_emb_9,0.0016812878918880663
rfc_smote_tomek,notes_emb_10,0.0017769252643958578
rfc_smote_tomek,notes_emb_11,0.0014810641576603536
rfc_smote_tomek,notes_emb_12,0.0023033469078720236
rfc_smote_tomek,notes_emb_13,0.0013528004507014483
rfc_smote_tomek,notes_emb_14,0.0010704640212265855
rfc_smote_tomek,notes_emb_15,0.0017687462762381425
rfc_smote_tomek,notes_emb_16,0.0023719351814267668
rfc_smote_tomek,notes_emb_17,0.0021402520815707055
rfc_smote_tomek,notes_emb_18,0.0019337897084639641
rfc_smote_tomek,notes_emb_19,0.0013491494962456206
rfc_smote_tomek,notes_emb_20,0.001644934449064184
rfc_smote_tomek,notes_emb_21,0.0022188576804004355
rfc_smote_tomek,notes_emb_22,0.001536727475156664
rfc_smote_tomek,notes_emb_23,0.002957393684453995
rfc_smote_tomek,notes_emb_24,0.0024840411526333215
rfc_smote_tomek,notes_emb_25,0.001909695821592071
rfc_smote_tomek,notes_emb_26,0.0017190269301349478
rfc_smote_tomek,notes_emb_27,0.0015810535191865935
rfc_smote_tomek,notes_emb_28,0.0014513914345450532
rfc_smote_tomek,notes_emb_29,0.002600376103005032
rfc_smote_tomek,notes_emb_30,0.001096705704225682
rfc_smote_tomek,notes_emb_31,0.0014610785346562862
rfc_smote_tomek,notes_emb_32,0.0015285111653062708
rfc_smote_tomek,notes_emb_33,0.0013670493975056824
rfc_smote_tomek,notes_emb_34,0.0014458947994486165
rfc_smote_tomek,notes_emb_35,0.002107178020029156
rfc_smote_tomek,notes_emb_36,0.0012273560389523188
rfc_smote_tomek,notes_emb_37,0.0013569351718872328
rfc_smote_tomek,notes_emb_38,0.0035050006213316227
rfc_smote_tomek,notes_emb_39,0.0016889557666257338
rfc_smote_tomek,notes_emb_40,0.0025197730008794106
rfc_smote_tomek,notes_emb_41,0.0020852419695574415
rfc_smote_tomek,notes_emb_42,0.0012028220009093257
rfc_smote_tomek,notes_emb_43,0.0013838337746889017
rfc_smote_tomek,notes_emb_44,0.00367537348196727
rfc_smote_tomek,notes_emb_45,0.0015478825834384109
rfc_smote_tomek,notes_emb_46,0.0017238358202319797
rfc_smote_tomek,notes_emb_47,0.00165382489636658
rfc_smote_tomek,notes_emb_48,0.001191182382894947
rfc_smote_tomek,notes_emb_49,0.002487997712038136
rfc_smote_tomek,notes_emb_50,0.0022479408277874934
rfc_smote_tomek,notes_emb_51,0.0016371420106691334
rfc_smote_tomek,notes_emb_52,0.0030567710212763737
rfc_smote_tomek,notes_emb_53,0.0025306153006445314
rfc_smote_tomek,notes_emb_54,0.002569458358970296
rfc_smote_tomek,notes_emb_55,0.0019376217258691027
rfc_smote_tomek,notes_emb_56,0.0024484397915137696
rfc_smote_tomek,notes_emb_57,0.0018015666768500381
rfc_smote_tomek,notes_emb_58,0.0013094103292363114
rfc_smote_tomek,notes_emb_59,0.001213435975462566
rfc_smote_tomek,notes_emb_60,0.0010878460066825115
rfc_smote_tomek,notes_emb_61,0.001644837638469258
rfc_smote_tomek,notes_emb_62,0.0021006469653430835
rfc_smote_tomek,notes_emb_63,0.0016678940679300707
rfc_smote_tomek,notes_emb_64,0.0019304450315211694
rfc_smote_tomek,notes_emb_65,0.012442811647679599
rfc_smote_tomek,notes_emb_66,0.0031082000192216275
rfc_smote_tomek,notes_emb_67,0.0020412658174179194
rfc_smote_tomek,notes_emb_68,0.0018486356994768338
rfc_smote_tomek,notes_emb_69,0.0038365374725533785
rfc_smote_tomek,notes_emb_70,0.0014156777310227367
rfc_smote_tomek,notes_emb_71,0.006677455706175637
rfc_smote_tomek,notes_emb_72,0.006565169294658764
rfc_smote_tomek,notes_emb_73,0.0016676393399557385
rfc_smote_tomek,notes_emb_74,0.002955854956405986
rfc_smote_tomek,notes_emb_75,0.0015861522416135239
rfc_smote_tomek,notes_emb_76,0.0018590920480627377
rfc_smote_tomek,notes_emb_77,0.0011326732599440629
rfc_smote_tomek,notes_emb_78,0.001637419513784284
rfc_smote_tomek,notes_emb_79,0.0016793882571270102
rfc_smote_tomek,notes_emb_80,0.0015484540933536361
rfc_smote_tomek,notes_emb_81,0.0012932751143291269
rfc_smote_tomek,notes_emb_82,0.0023199278033549466
rfc_smote_tomek,notes_emb_83,0.001958102147089181
rfc_smote_tomek,notes_emb_84,0.0019833334002972896
rfc_smote_tomek,notes_emb_85,0.0012457055783244317
rfc_smote_tomek,notes_emb_86,0.0009553321945653582
rfc_smote_tomek,notes_emb_87,0.001986292152335275
rfc_smote_tomek,notes_emb_88,0.0031845251827839756
rfc_smote_tomek,notes_emb_89,0.0029682001285208496
rfc_smote_tomek,notes_emb_90,0.001955952055688977
rfc_smote_tomek,notes_emb_91,0.007493445281310053
rfc_smote_tomek,notes_emb_92,0.0014713508398254077
rfc_smote_tomek,notes_emb_93,0.0018737709211660719
rfc_smote_tomek,notes_emb_94,0.000943955644178718
rfc_smote_tomek,notes_emb_95,0.0011917391486919297
rfc_smote_tomek,notes_emb_96,0.0018205999279855447
rfc_smote_tomek,notes_emb_97,0.0013738031033853082
rfc_smote_tomek,notes_emb_98,0.001201627399502736
rfc_smote_tomek,notes_emb_99,0.0019696162529047718
rfc_smote_tomek,notes_emb_100,0.002153456760231524
rfc_smote_tomek,notes_emb_101,0.0036801149090589015
rfc_smote_tomek,notes_emb_102,0.002777573621328383
rfc_smote_tomek,notes_emb_103,0.0012798977134160408
rfc_smote_tomek,notes_emb_104,0.0041450905980751
rfc_smote_tomek,notes_emb_105,0.0009581094067522278
rfc_smote_tomek,notes_emb_106,0.0016475732681168033
rfc_smote_tomek,notes_emb_107,0.006183256151686326
rfc_smote_tomek,notes_emb_108,0.0011056569346713531
rfc_smote_tomek,notes_emb_109,0.0014424078439615271
rfc_smote_tomek,notes_emb_110,0.001547619827068369
rfc_smote_tomek,notes_emb_111,0.0015152705965777993
rfc_smote_tomek,notes_emb_112,0.001958468665310462
rfc_smote_tomek,notes_emb_113,0.0011626631588729703
rfc_smote_tomek,notes_emb_114,0.017494846555851117
rfc_smote_tomek,notes_emb_115,0.0016153211106905243
rfc_smote_tomek,notes_emb_116,0.001799437494991404
rfc_smote_tomek,notes_emb_117,0.0021129415301752684
rfc_smote_tomek,notes_emb_118,0.0018871038431034996
rfc_smote_tomek,notes_emb_119,0.009662260707298424
rfc_smote_tomek,notes_emb_120,0.0014837284412496112
rfc_smote_tomek,notes_emb_121,0.001823044840690556
rfc_smote_tomek,notes_emb_122,0.0016167963491600565
rfc_smote_tomek,notes_emb_123,0.004152376637606943
rfc_smote_tomek,notes_emb_124,0.0047907265664517435
rfc_smote_tomek,notes_emb_125,0.0021183407883614766
rfc_smote_tomek,notes_emb_126,0.002422019246780802
rfc_smote_tomek,notes_emb_127,0.002970072013848879
rfc_smote_tomek,notes_emb_128,0.0015292930822645462
rfc_smote_tomek,notes_emb_129,0.0015956344235090072
rfc_smote_tomek,notes_emb_130,0.001445262772656263
rfc_smote_tomek,notes_emb_131,0.00190132533442405
rfc_smote_tomek,notes_emb_132,0.004133830737727266
rfc_smote_tomek,notes_emb_133,0.0016240864202479175
rfc_smote_tomek,notes_emb_134,0.001093341553118129
rfc_smote_tomek,notes_emb_135,0.0032315674356032565
rfc_smote_tomek,notes_emb_136,0.0010644478457586296
rfc_smote_tomek,notes_emb_137,0.0011549446704595626
rfc_smote_tomek,notes_emb_138,0.003122340393422707
rfc_smote_tomek,notes_emb_139,0.0014632977472436783
rfc_smote_tomek,notes_emb_140,0.0015622306335223383
rfc_smote_tomek,notes_emb_141,0.0011479129056438868
rfc_smote_tomek,notes_emb_142,0.0017813309748627793
rfc_smote_tomek,notes_emb_143,0.001680793943887364
rfc_smote_tomek,notes_emb_144,0.0025357721948158322
rfc_smote_tomek,notes_emb_145,0.0013626921512545245
rfc_smote_tomek,notes_emb_146,0.0015019224884183558
rfc_smote_tomek,notes_emb_147,0.0015472940331937137
rfc_smote_tomek,notes_emb_148,0.0009455641425920907
rfc_smote_tomek,notes_emb_149,0.0012452011765997312
rfc_smote_tomek,notes_emb_150,0.0026703831618529105
rfc_smote_tomek,notes_emb_151,0.001780189977727946
rfc_smote_tomek,notes_emb_152,0.0012630063699630128
rfc_smote_tomek,notes_emb_153,0.0013480589138736984
rfc_smote_tomek,notes_emb_154,0.001459261117082497
rfc_smote_tomek,notes_emb_155,0.0013591143644530854
rfc_smote_tomek,notes_emb_156,0.0031241684891838402
rfc_smote_tomek,notes_emb_157,0.001529284660918324
rfc_smote_tomek,notes_emb_158,0.0014413466634377264
rfc_smote_tomek,notes_emb_159,0.0017802654362786084
rfc_smote_tomek,notes_emb_160,0.0018325511645011785
rfc_smote_tomek,notes_emb_161,0.0040680714036891875
rfc_smote_tomek,notes_emb_162,0.0023998725985646726
rfc_smote_tomek,notes_emb_163,0.0026584867101542603
rfc_smote_tomek,notes_emb_164,0.0017418864132552943
rfc_smote_tomek,notes_emb_165,0.002156415997260545
rfc_smote_tomek,notes_emb_166,0.0009017273607261796
rfc_smote_tomek,notes_emb_167,0.004147071585231142
rfc_smote_tomek,notes_emb_168,0.0030525011300809694
rfc_smote_tomek,notes_emb_169,0.0042301454697611365
rfc_smote_tomek,notes_emb_170,0.0022298117359128094
rfc_smote_tomek,notes_emb_171,0.0011578658608231605
rfc_smote_tomek,notes_emb_172,0.0015797899610363634
rfc_smote_tomek,notes_emb_173,0.0012183759305703984
rfc_smote_tomek,notes_emb_174,0.0018828869406512972
rfc_smote_tomek,notes_emb_175,0.0022292183183402776
rfc_smote_tomek,notes_emb_176,0.0015925105668554381
rfc_smote_tomek,notes_emb_177,0.001213785669845388
rfc_smote_tomek,notes_emb_178,0.0017915318529923413
rfc_smote_tomek,notes_emb_179,0.0023589367634131403
rfc_smote_tomek,notes_emb_180,0.0020020759738927237
rfc_smote_tomek,notes_emb_181,0.0012541226221185376
rfc_smote_tomek,notes_emb_182,0.00783158567784314
rfc_smote_tomek,notes_emb_183,0.0018574897057033358
rfc_smote_tomek,notes_emb_184,0.001395461569288342
rfc_smote_tomek,notes_emb_185,0.0013400245241645915
rfc_smote_tomek,notes_emb_186,0.0019005186627072473
rfc_smote_tomek,notes_emb_187,0.0019989427694817033
rfc_smote_tomek,notes_emb_188,0.002129538509482115
rfc_smote_tomek,notes_emb_189,0.001458902869721953
rfc_smote_tomek,notes_emb_190,0.0026108949654247223
rfc_smote_tomek,notes_emb_191,0.0023662771988510827
rfc_smote_tomek,notes_emb_192,0.001533520039078724
rfc_smote_tomek,notes_emb_193,0.0022508537161936575
rfc_smote_tomek,notes_emb_194,0.0011005657599638939
rfc_smote_tomek,notes_emb_195,0.002136868200379645
rfc_smote_tomek,notes_emb_196,0.003066063055253027
rfc_smote_tomek,notes_emb_197,0.0019167432059603552
rfc_smote_tomek,notes_emb_198,0.0013800182470999436
rfc_smote_tomek,notes_emb_199,0.0034561980921495477
rfc_smote_tomek,notes_emb_200,0.0011409992004941154
rfc_smote_tomek,notes_emb_201,0.0012061113456295345
rfc_smote_tomek,notes_emb_202,0.002264463829285367
rfc_smote_tomek,notes_emb_203,0.0012212063785255998
rfc_smote_tomek,notes_emb_204,0.001960065491919876
rfc_smote_tomek,notes_emb_205,0.0012007489384480601
rfc_smote_tomek,notes_emb_206,0.0020359580649095843
rfc_smote_tomek,notes_emb_207,0.0018491792621573723
rfc_smote_tomek,notes_emb_208,0.0024322238299525904
rfc_smote_tomek,notes_emb_209,0.0010912714849198929
rfc_smote_tomek,notes_emb_210,0.0013480598525017176
rfc_smote_tomek,notes_emb_211,0.002889971889351031
rfc_smote_tomek,notes_emb_212,0.0019218236313060261
rfc_smote_tomek,notes_emb_213,0.00173328830861195
rfc_smote_tomek,notes_emb_214,0.004186051804252001
rfc_smote_tomek,notes_emb_215,0.0014051531664904615
rfc_smote_tomek,notes_emb_216,0.0016081522129775317
rfc_smote_tomek,notes_emb_217,0.0016546472174003748
rfc_smote_tomek,notes_emb_218,0.0015297895924422011
rfc_smote_tomek,notes_emb_219,0.001432267059516168
rfc_smote_tomek,notes_emb_220,0.0011710485508392868
rfc_smote_tomek,notes_emb_221,0.0019605223360108196
rfc_smote_tomek,notes_emb_222,0.004138813602419903
rfc_smote_tomek,notes_emb_223,0.00213702206599796
rfc_smote_tomek,notes_emb_224,0.0017451329408545392
rfc_smote_tomek,notes_emb_225,0.0034769337262241075
rfc_smote_tomek,notes_emb_226,0.0015480565104392524
rfc_smote_tomek,notes_emb_227,0.001724688557798566
rfc_smote_tomek,notes_emb_228,0.0017990709299481418
rfc_smote_tomek,notes_emb_229,0.0020532851504367964
rfc_smote_tomek,notes_emb_230,0.0010149645335726276
rfc_smote_tomek,notes_emb_231,0.0011969132156878423
rfc_smote_tomek,notes_emb_232,0.003450220974824834
rfc_smote_tomek,notes_emb_233,0.0013995846386504174
rfc_smote_tomek,notes_emb_234,0.0017562329090963862
rfc_smote_tomek,notes_emb_235,0.0014715608316739754
rfc_smote_tomek,notes_emb_236,0.0016841712641185217
rfc_smote_tomek,notes_emb_237,0.0014988280536000211
rfc_smote_tomek,notes_emb_238,0.0024797504306668474
rfc_smote_tomek,notes_emb_239,0.001468982824959844
rfc_smote_tomek,notes_emb_240,0.0019492493678602294
rfc_smote_tomek,notes_emb_241,0.001697991515080708
rfc_smote_tomek,notes_emb_242,0.0013989387938336114
rfc_smote_tomek,notes_emb_243,0.001665582594132598
rfc_smote_tomek,notes_emb_244,0.0013841598638983062
rfc_smote_tomek,notes_emb_245,0.0012519877644000242
rfc_smote_tomek,notes_emb_246,0.0013789729735967766
rfc_smote_tomek,notes_emb_247,0.003467088835694905
rfc_smote_tomek,notes_emb_248,0.0019679801722944125
rfc_smote_tomek,notes_emb_249,0.0012515424240480532
rfc_smote_tomek,notes_emb_250,0.0012936580204979445
rfc_smote_tomek,notes_emb_251,0.002678382600758388
rfc_smote_tomek,notes_emb_252,0.0018376142087618793
rfc_smote_tomek,notes_emb_253,0.01760550228069425
rfc_smote_tomek,notes_emb_254,0.0013689392693313068
rfc_smote_tomek,notes_emb_255,0.011964806863537052
rfc_smote_tomek,notes_emb_256,0.005120207437902778
rfc_smote_tomek,notes_emb_257,0.0011142529333169572
rfc_smote_tomek,notes_emb_258,0.0012806681808458092
rfc_smote_tomek,notes_emb_259,0.0014635454020406804
rfc_smote_tomek,notes_emb_260,0.0012789549658498195
rfc_smote_tomek,notes_emb_261,0.001861284462279833
rfc_smote_tomek,notes_emb_262,0.0009230834910784616
rfc_smote_tomek,notes_emb_263,0.0024173386668141458
rfc_smote_tomek,notes_emb_264,0.007059749823881276
rfc_smote_tomek,notes_emb_265,0.0016168800347672102
rfc_smote_tomek,notes_emb_266,0.0013777046663538493
rfc_smote_tomek,notes_emb_267,0.005795137892557878
rfc_smote_tomek,notes_emb_268,0.001927675682107154
rfc_smote_tomek,notes_emb_269,0.01327515436052066
rfc_smote_tomek,notes_emb_270,0.0013395304073330467
rfc_smote_tomek,notes_emb_271,0.0014848985284221592
rfc_smote_tomek,notes_emb_272,0.0048986631213714694
rfc_smote_tomek,notes_emb_273,0.012360197253074447
rfc_smote_tomek,notes_emb_274,0.0014055528956412732
rfc_smote_tomek,notes_emb_275,0.0012323036404134774
rfc_smote_tomek,notes_emb_276,0.0011371527721816426
rfc_smote_tomek,notes_emb_277,0.0011707551906670066
rfc_smote_tomek,notes_emb_278,0.0013021146406526905
rfc_smote_tomek,notes_emb_279,0.008498099666401361
rfc_smote_tomek,notes_emb_280,0.0014453946388141375
rfc_smote_tomek,notes_emb_281,0.001402493873129381
rfc_smote_tomek,notes_emb_282,0.001905366647370979
rfc_smote_tomek,notes_emb_283,0.0012040383442458696
rfc_smote_tomek,notes_emb_284,0.0015702441594190797
rfc_smote_tomek,notes_emb_285,0.0013778422673269247
rfc_smote_tomek,notes_emb_286,0.0011350938506875072
rfc_smote_tomek,notes_emb_287,0.0013444518539540659
rfc_smote_tomek,notes_emb_288,0.0014292302741082475
rfc_smote_tomek,notes_emb_289,0.0012578994164202913
rfc_smote_tomek,notes_emb_290,0.001743823859831875
rfc_smote_tomek,notes_emb_291,0.001545434819513981
rfc_smote_tomek,notes_emb_292,0.0012170257858349633
rfc_smote_tomek,notes_emb_293,0.001483798355860295
rfc_smote_tomek,notes_emb_294,0.001698153879242618
rfc_smote_tomek,notes_emb_295,0.0012612273193765141
rfc_smote_tomek,notes_emb_296,0.0016530943896531155
rfc_smote_tomek,notes_emb_297,0.0012879325997400982
rfc_smote_tomek,notes_emb_298,0.003399306043520182
rfc_smote_tomek,notes_emb_299,0.0010728464247919034
rfc_smote_tomek,notes_emb_300,0.0015609122929744568
rfc_smote_tomek,notes_emb_301,0.001346635274138888
rfc_smote_tomek,notes_emb_302,0.001436667316169675
rfc_smote_tomek,notes_emb_303,0.002093379633627539
rfc_smote_tomek,notes_emb_304,0.001676346916563451
rfc_smote_tomek,notes_emb_305,0.0029686521052648884
rfc_smote_tomek,notes_emb_306,0.0023126678989013392
rfc_smote_tomek,notes_emb_307,0.0037510129319057693
rfc_smote_tomek,notes_emb_308,0.007439757037288651
rfc_smote_tomek,notes_emb_309,0.001152956871639923
rfc_smote_tomek,notes_emb_310,0.0009331733902197115
rfc_smote_tomek,notes_emb_311,0.004613731212519301
rfc_smote_tomek,notes_emb_312,0.0017581117334431187
rfc_smote_tomek,notes_emb_313,0.0018172870479225
rfc_smote_tomek,notes_emb_314,0.0019317950496099434
rfc_smote_tomek,notes_emb_315,0.0038920110319921285
rfc_smote_tomek,notes_emb_316,0.0023744551809123833
rfc_smote_tomek,notes_emb_317,0.0017742944933552243
rfc_smote_tomek,notes_emb_318,0.0021632440763589755
rfc_smote_tomek,notes_emb_319,0.00165858674121676
rfc_smote_tomek,notes_emb_320,0.0019575322517302097
rfc_smote_tomek,notes_emb_321,0.002386872031417045
rfc_smote_tomek,notes_emb_322,0.001655604833638013
rfc_smote_tomek,notes_emb_323,0.0024084276595703106
rfc_smote_tomek,notes_emb_324,0.001171965289671246
rfc_smote_tomek,notes_emb_325,0.0028501002556256096
rfc_smote_tomek,notes_emb_326,0.0016617580162909102
rfc_smote_tomek,notes_emb_327,0.001595987364623274
rfc_smote_tomek,notes_emb_328,0.007950127888728082
rfc_smote_tomek,notes_emb_329,0.0014550590291989858
rfc_smote_tomek,notes_emb_330,0.0037807733291023837
rfc_smote_tomek,notes_emb_331,0.002214367802314134
rfc_smote_tomek,notes_emb_332,0.0017820448599728705
rfc_smote_tomek,notes_emb_333,0.001763387854950207
rfc_smote_tomek,notes_emb_334,0.0012220258620650555
rfc_smote_tomek,notes_emb_335,0.0013736266768764691
rfc_smote_tomek,notes_emb_336,0.0019053146791687984
rfc_smote_tomek,notes_emb_337,0.001226200464496072
rfc_smote_tomek,notes_emb_338,0.001615403597372406
rfc_smote_tomek,notes_emb_339,0.003963493819725846
rfc_smote_tomek,notes_emb_340,0.0014956750372638681
rfc_smote_tomek,notes_emb_341,0.0017244141843483901
rfc_smote_tomek,notes_emb_342,0.0012977452721344138
rfc_smote_tomek,notes_emb_343,0.0023744222561330004
rfc_smote_tomek,notes_emb_344,0.0012646400071456407
rfc_smote_tomek,notes_emb_345,0.006801278076033122
rfc_smote_tomek,notes_emb_346,0.0022532955659051225
rfc_smote_tomek,notes_emb_347,0.0016650980556781017
rfc_smote_tomek,notes_emb_348,0.0010098088432987347
rfc_smote_tomek,notes_emb_349,0.002946839952102307
rfc_smote_tomek,notes_emb_350,0.0048674486552904
rfc_smote_tomek,notes_emb_351,0.0011237631953029416
rfc_smote_tomek,notes_emb_352,0.002333193127533015
rfc_smote_tomek,notes_emb_353,0.0012695401207963924
rfc_smote_tomek,notes_emb_354,0.001306686731091443
rfc_smote_tomek,notes_emb_355,0.0012825484475403471
rfc_smote_tomek,notes_emb_356,0.001771170725740226
rfc_smote_tomek,notes_emb_357,0.001573707388547007
rfc_smote_tomek,notes_emb_358,0.0015516785831016116
rfc_smote_tomek,notes_emb_359,0.002151132142821959
rfc_smote_tomek,notes_emb_360,0.0023642847440842113
rfc_smote_tomek,notes_emb_361,0.0019884193060757337
rfc_smote_tomek,notes_emb_362,0.0036678431959237317
rfc_smote_tomek,notes_emb_363,0.0013987706598429233
rfc_smote_tomek,notes_emb_364,0.00571813115331237
rfc_smote_tomek,notes_emb_365,0.002864574700632278
rfc_smote_tomek,notes_emb_366,0.0015695544618873276
rfc_smote_tomek,notes_emb_367,0.0013103375764891053
rfc_smote_tomek,notes_emb_368,0.001374639599200131
rfc_smote_tomek,notes_emb_369,0.002283722888742455
rfc_smote_tomek,notes_emb_370,0.0014475590644083796
rfc_smote_tomek,notes_emb_371,0.001480408513242832
rfc_smote_tomek,notes_emb_372,0.0012628988336452875
rfc_smote_tomek,notes_emb_373,0.001437437374803535
rfc_smote_tomek,notes_emb_374,0.0015809530485885073
rfc_smote_tomek,notes_emb_375,0.0011308927398815058
rfc_smote_tomek,notes_emb_376,0.001353164250725011
rfc_smote_tomek,notes_emb_377,0.0018831432265343357
rfc_smote_tomek,notes_emb_378,0.0021625551422395726
rfc_smote_tomek,notes_emb_379,0.0017206734481078928
rfc_smote_tomek,notes_emb_380,0.0017693265259249354
rfc_smote_tomek,notes_emb_381,0.001644196528238026
rfc_smote_tomek,notes_emb_382,0.0018582699160706285
rfc_smote_tomek,notes_emb_383,0.0014349094015876202
xgb_smote,civilian_targeting,0.02677467092871666
xgb_smote,fatalities,0.050887465476989746
xgb_smote,violence_against_women,0.0
xgb_smote,sub_event_type_Abduction/forced disappearance,0.0
xgb_smote,sub_event_type_Air/drone strike,0.0
xgb_smote,sub_event_type_Armed clash,0.011818230152130127
xgb_smote,sub_event_type_Attack,0.006857194472104311
xgb_smote,sub_event_type_Government regains territory,0.0
xgb_smote,sub_event_type_Grenade,0.0
xgb_smote,sub_event_type_Non-state actor overtakes territory,0.006449811160564423
xgb_smote,sub_event_type_Remote explosive/landmine/IED,0.009227077476680279
xgb_smote,sub_event_type_Sexual violence,0.0
xgb_smote,sub_event_type_Shelling/artillery/missile attack,0.00946782436221838
xgb_smote,sub_event_type_Suicide bomb,0.0
xgb_smote,notes_emb_0,0.0020102031994611025
xgb_smote,notes_emb_1,0.0015224505914375186
xgb_smote,notes_emb_2,0.0028890869580209255
xgb_smote,notes_emb_3,0.004826652817428112
xgb_smote,notes_emb_4,0.00211690878495574
xgb_smote,notes_emb_5,0.0021262317895889282
xgb_smote,notes_emb_6,0.004360037390142679
xgb_smote,notes_emb_7,0.002554076723754406
xgb_smote,notes_emb_8,0.002855559578165412
xgb_smote,notes_emb_9,0.0019344667671248317
xgb_smote,notes_emb_10,0.0008861810201779008
xgb_smote,notes_emb_11,0.000797195709310472
xgb_smote,notes_emb_12,0.0017389390850439668
xgb_smote,notes_emb_13,0.001156965154223144
xgb_smote,notes_emb_14,0.0018330372404307127
xgb_smote,notes_emb_15,0.0005557910772040486
xgb_smote,notes_emb_16,0.0022329462226480246
xgb_smote,notes_emb_17,0.0031627118587493896
xgb_smote,notes_emb_18,0.0006009554490447044
xgb_smote,notes_emb_19,0.0014593151863664389
xgb_smote,notes_emb_20,0.001016212278045714
xgb_smote,notes_emb_21,0.00081580167170614
xgb_smote,notes_emb_22,0.0005118726403452456
xgb_smote,notes_emb_23,0.0022038337774574757
xgb_smote,notes_emb_24,0.002779431641101837
xgb_smote,notes_emb_25,0.000601678853854537
xgb_smote,notes_emb_26,0.003369590500369668
xgb_smote,notes_emb_27,0.0027250791899859905
xgb_smote,notes_emb_28,0.0021870394703000784
xgb_smote,notes_emb_29,0.002380036748945713
xgb_smote,notes_emb_30,0.00099306704942137
xgb_smote,notes_emb_31,0.00275307591073215
xgb_smote,notes_emb_32,0.0023568691685795784
xgb_smote,notes_emb_33,0.0007771666860207915
xgb_smote,notes_emb_34,0.0038187382742762566
xgb_smote,notes_emb_35,0.0014670724049210548
xgb_smote,notes_emb_36,0.0005391319864429533
xgb_smote,notes_emb_37,0.00139420700725168
xgb_smote,notes_emb_38,0.0014796211617067456
xgb_smote,notes_emb_39,0.002003577072173357
xgb_smote,notes_emb_40,0.0034241792745888233
xgb_smote,notes_emb_41,0.0015910302754491568
xgb_smote,notes_emb_42,0.0007637219387106597
xgb_smote,notes_emb_43,0.0025752466171979904
xgb_smote,notes_emb_44,0.004239195957779884
xgb_smote,notes_emb_45,0.0008687216322869062
xgb_smote,notes_emb_46,0.0028570457361638546
xgb_smote,notes_emb_47,0.001480717328377068
xgb_smote,notes_emb_48,0.0024130800738930702
xgb_smote,notes_emb_49,0.002250808523967862
xgb_smote,notes_emb_50,0.0010450052795931697
xgb_smote,notes_emb_51,0.0028750470373779535
xgb_smote,notes_emb_52,0.0011212886311113834
xgb_smote,notes_emb_53,0.00648975744843483
xgb_smote,notes_emb_54,0.0020167664624750614
xgb_smote,notes_emb_55,0.0026203920133411884
xgb_smote,notes_emb_56,0.002543089911341667
xgb_smote,notes_emb_57,0.002271413104608655
xgb_smote,notes_emb_58,0.0025917119346559048
xgb_smote,notes_emb_59,0.0007042449433356524
xgb_smote,notes_emb_60,0.0025607887655496597
xgb_smote,notes_emb_61,0.001164809218607843
xgb_smote,notes_emb_62,0.001721536973491311
xgb_smote,notes_emb_63,0.0016734970267862082
xgb_smote,notes_emb_64,0.0027751647867262363
xgb_smote,notes_emb_65,0.0025366677436977625
xgb_smote,notes_emb_66,0.0024181564804166555
xgb_smote,notes_emb_67,0.0022644076962023973
xgb_smote,notes_emb_68,0.0029879105277359486
xgb_smote,notes_emb_69,0.0025246681179851294
xgb_smote,notes_emb_70,0.002037693979218602
xgb_smote,notes_emb_71,0.004804360680282116
xgb_smote,notes_emb_72,0.002996346913278103
xgb_smote,notes_emb_73,0.0013682956341654062
xgb_smote,notes_emb_74,0.0023197648115456104
xgb_smote,notes_emb_75,0.0019249332835897803
xgb_smote,notes_emb_76,0.0021283773239701986
xgb_smote,notes_emb_77,0.0019298149272799492
xgb_smote,notes_emb_78,0.001189022557809949
xgb_smote,notes_emb_79,0.0026653199456632137
xgb_smote,notes_emb_80,0.0014559583505615592
xgb_smote,notes_emb_81,0.0023991635534912348
xgb_smote,notes_emb_82,0.003199340309947729
xgb_smote,notes_emb_83,0.0018792911432683468
xgb_smote,notes_emb_84,0.008182475343346596
xgb_smote,notes_emb_85,0.0006275663617998362
xgb_smote,notes_emb_86,0.002568585332483053
xgb_smote,notes_emb_87,0.0017808802658692002
xgb_smote,notes_emb_88,0.002153707668185234
xgb_smote,notes_emb_89,0.0011105961166322231
xgb_smote,notes_emb_90,0.000842041103169322
xgb_smote,notes_emb_91,0.005437848623842001
xgb_smote,notes_emb_92,0.0016256456729024649
xgb_smote,notes_emb_93,0.00156118324957788
xgb_smote,notes_emb_94,0.000637390767224133
xgb_smote,notes_emb_95,0.0014136454556137323
xgb_smote,notes_emb_96,0.0014494556235149503
xgb_smote,notes_emb_97,0.0014232289977371693
xgb_smote,notes_emb_98,0.0010983326938003302
xgb_smote,notes_emb_99,0.000798440130893141
xgb_smote,notes_emb_100,0.0009843924781307578
xgb_smote,notes_emb_101,0.026093492284417152
xgb_smote,notes_emb_102,0.002359624719247222
xgb_smote,notes_emb_103,0.000717420072760433
xgb_smote,notes_emb_104,0.0012181780766695738
xgb_smote,notes_emb_105,0.0004931383300572634
xgb_smote,notes_emb_106,0.0032260024454444647
xgb_smote,notes_emb_107,0.0029444938991218805
xgb_smote,notes_emb_108,0.0014492971822619438
xgb_smote,notes_emb_109,0.00046110793482512236
xgb_smote,notes_emb_110,0.001549835898913443
xgb_smote,notes_emb_111,0.0012964536435902119
xgb_smote,notes_emb_112,0.0030320778023451567
xgb_smote,notes_emb_113,0.0012159192701801658
xgb_smote,notes_emb_114,0.0018871063366532326
xgb_smote,notes_emb_115,0.0021438649855554104
xgb_smote,notes_emb_116,0.0033415311481803656
xgb_smote,notes_emb_117,0.003962898626923561
xgb_smote,notes_emb_118,0.0015298537909984589
xgb_smote,notes_emb_119,0.004592962563037872
xgb_smote,notes_emb_120,0.0012148480163887143
xgb_smote,notes_emb_121,0.0026506390422582626
xgb_smote,notes_emb_122,0.0027339730877429247
xgb_smote,notes_emb_123,0.0018492761300876737
xgb_smote,notes_emb_124,0.002577934181317687
xgb_smote,notes_emb_125,0.001265129423700273
xgb_smote,notes_emb_126,0.0024150332901626825
xgb_smote,notes_emb_127,0.0049056196585297585
xgb_smote,notes_emb_128,0.0013509661657735705
xgb_smote,notes_emb_129,0.0005286751547828317
xgb_smote,notes_emb_130,0.002803911454975605
xgb_smote,notes_emb_131,0.0006636057514697313
xgb_smote,notes_emb_132,0.0056502497754991055
xgb_smote,notes_emb_133,0.0017077623633667827
xgb_smote,notes_emb_134,0.001040798844769597
xgb_smote,notes_emb_135,0.0010478075128048658
xgb_smote,notes_emb_136,0.0018825765000656247
xgb_smote,notes_emb_137,0.00010774520342238247
xgb_smote,notes_emb_138,0.002330141607671976
xgb_smote,notes_emb_139,0.0013661589473485947
xgb_smote,notes_emb_140,0.005375473760068417
xgb_smote,notes_emb_141,0.0009128330275416374
xgb_smote,notes_emb_142,0.003895203582942486
xgb_smote,notes_emb_143,0.002434621099382639
xgb_smote,notes_emb_144,0.002316907746717334
xgb_smote,notes_emb_145,0.0016405150527134538
xgb_smote,notes_emb_146,0.00150308758020401
xgb_smote,notes_emb_147,0.004058131016790867
xgb_smote,notes_emb_148,0.001606481964699924
xgb_smote,notes_emb_149,0.0004354206030257046
xgb_smote,notes_emb_150,0.002138296375051141
xgb_smote,notes_emb_151,0.004076310899108648
xgb_smote,notes_emb_152,0.0033478618133813143
xgb_smote,notes_emb_153,0.001366034965030849
xgb_smote,notes_emb_154,0.0026263187173753977
xgb_smote,notes_emb_155,0.006275118328630924
xgb_smote,notes_emb_156,0.0010483447695150971
xgb_smote,notes_emb_157,0.0007972540915943682
xgb_smote,notes_emb_158,0.002702940022572875
xgb_smote,notes_emb_159,0.0008734379080124199
xgb_smote,notes_emb_160,0.002062722807750106
xgb_smote,notes_emb_161,0.00047791522229090333
xgb_smote,notes_emb_162,0.002751972060650587
xgb_smote,notes_emb_163,0.008386020548641682
xgb_smote,notes_emb_164,0.0019498099572956562
xgb_smote,notes_emb_165,0.004691338632255793
xgb_smote,notes_emb_166,0.0010135730262845755
xgb_smote,notes_emb_167,0.0023216980043798685
xgb_smote,notes_emb_168,0.0011161292204633355
xgb_smote,notes_emb_169,0.004064153414219618
xgb_smote,notes_emb_170,0.001602550270035863
xgb_smote,notes_emb_171,0.0030959751456975937
xgb_smote,notes_emb_172,0.0011874230112880468
xgb_smote,notes_emb_173,6.796901288907975e-05
xgb_smote,notes_emb_174,0.0016914695734158158
xgb_smote,notes_emb_175,0.0012626599054783583
xgb_smote,notes_emb_176,0.00048628891818225384
xgb_smote,notes_emb_177,0.002108390908688307
xgb_smote,notes_emb_178,0.0010153931798413396
xgb_smote,notes_emb_179,0.0026190849021077156
xgb_smote,notes_emb_180,0.0019554903265088797
xgb_smote,notes_emb_181,0.0027026620227843523
xgb_smote,notes_emb_182,0.0024230529088526964
xgb_smote,notes_emb_183,0.0012401678832247853
xgb_smote,notes_emb_184,0.0003221103979740292
xgb_smote,notes_emb_185,0.00025645902496762574
xgb_smote,notes_emb_186,0.0027823406271636486
xgb_smote,notes_emb_187,0.002229328965768218
xgb_smote,notes_emb_188,0.007662623189389706
xgb_smote,notes_emb_189,0.0039244708605110645
xgb_smote,notes_emb_190,0.0017899838276207447
xgb_smote,notes_emb_191,0.002188622485846281
xgb_smote,notes_emb_192,0.002187951235100627
xgb_smote,notes_emb_193,0.0006234293105080724
xgb_smote,notes_emb_194,0.00045138143468648195
xgb_smote,notes_emb_195,0.0014286315999925137
xgb_smote,notes_emb_196,0.002941019833087921
xgb_smote,notes_emb_197,0.0013642999110743403
xgb_smote,notes_emb_198,0.002160941483452916
xgb_smote,notes_emb_199,0.0008896029903553426
xgb_smote,notes_emb_200,0.00034976968890987337
xgb_smote,notes_emb_201,0.0021225083619356155
xgb_smote,notes_emb_202,0.001487885252572596
xgb_smote,notes_emb_203,0.001577600371092558
xgb_smote,notes_emb_204,0.0009925029007717967
xgb_smote,notes_emb_205,0.0008857580251060426
xgb_smote,notes_emb_206,0.0006832226645201445
xgb_smote,notes_emb_207,0.0022770825307816267
xgb_smote,notes_emb_208,0.0009794869692996144
xgb_smote,notes_emb_209,0.001174037461169064
xgb_smote,notes_emb_210,0.0005958626279607415
xgb_smote,notes_emb_211,0.0013128252467140555
xgb_smote,notes_emb_212,0.002460247604176402
xgb_smote,notes_emb_213,0.0013206102885305882
xgb_smote,notes_emb_214,0.0015062747988849878
xgb_smote,notes_emb_215,0.002615835750475526
xgb_smote,notes_emb_216,0.002406046725809574
xgb_smote,notes_emb_217,0.0012164670042693615
xgb_smote,notes_emb_218,0.0009947732323780656
xgb_smote,notes_emb_219,0.0008830145234242082
xgb_smote,notes_emb_220,0.0003406692994758487
xgb_smote,notes_emb_221,0.0029276206623762846
xgb_smote,notes_emb_222,0.0021529148798435926
xgb_smote,notes_emb_223,0.0030035313684493303
xgb_smote,notes_emb_224,0.0020847762934863567
xgb_smote,notes_emb_225,0.009588416665792465
xgb_smote,notes_emb_226,0.0011738771572709084
xgb_smote,notes_emb_227,0.00216708704829216
xgb_smote,notes_emb_228,0.0008336099563166499
xgb_smote,notes_emb_229,0.00743036950007081
xgb_smote,notes_emb_230,0.0011235737474635243
xgb_smote,notes_emb_231,0.0016937133623287082
xgb_smote,notes_emb_232,0.00036591928801499307
xgb_smote,notes_emb_233,0.00047569218440912664
xgb_smote,notes_emb_234,0.0012023126473650336
xgb_smote,notes_emb_235,0.0012987962691113353
xgb_smote,notes_emb_236,0.0034507722593843937
xgb_smote,notes_emb_237,0.007764567621052265
xgb_smote,notes_emb_238,0.0020465576089918613
xgb_smote,notes_emb_239,0.0007934158784337342
xgb_smote,notes_emb_240,0.0031612631864845753
xgb_smote,notes_emb_241,0.001290460815653205
xgb_smote,notes_emb_242,0.003298131050541997
xgb_smote,notes_emb_243,0.0007587916334159672
xgb_smote,notes_emb_244,0.002109476365149021
xgb_smote,notes_emb_245,0.001991444267332554
xgb_smote,notes_emb_246,0.0023584780283272266
xgb_smote,notes_emb_247,0.00637773796916008
xgb_smote,notes_emb_248,0.0024486437905579805
xgb_smote,notes_emb_249,0.0029347992967814207
xgb_smote,notes_emb_250,0.002575970720499754
xgb_smote,notes_emb_251,0.00929886195808649
xgb_smote,notes_emb_252,0.002671686001121998
xgb_smote,notes_emb_253,0.010825367644429207
xgb_smote,notes_emb_254,0.0028876764699816704
xgb_smote,notes_emb_255,0.007306922227144241
xgb_smote,notes_emb_256,0.0031751005444675684
xgb_smote,notes_emb_257,0.001365823787637055
xgb_smote,notes_emb_258,0.0012878318084403872
xgb_smote,notes_emb_259,0.0012418014230206609
xgb_smote,notes_emb_260,0.0020315577276051044
xgb_smote,notes_emb_261,0.0025614153128117323
xgb_smote,notes_emb_262,0.0005644990596920252
xgb_smote,notes_emb_263,0.005119899287819862
xgb_smote,notes_emb_264,0.0020423871465027332
xgb_smote,notes_emb_265,0.0018878860864788294
xgb_smote,notes_emb_266,0.0020505341235548258
xgb_smote,notes_emb_267,0.008671297691762447
xgb_smote,notes_emb_268,0.0011818400816991925
xgb_smote,notes_emb_269,0.00340074161067605
xgb_smote,notes_emb_270,0.0006727360305376351
xgb_smote,notes_emb_271,0.001375952735543251
xgb_smote,notes_emb_272,0.008311443030834198
xgb_smote,notes_emb_273,0.011355328373610973
xgb_smote,notes_emb_274,0.0003774353535845876
xgb_smote,notes_emb_275,0.0013022634666413069
xgb_smote,notes_emb_276,0.0013228056486696005
xgb_smote,notes_emb_277,0.00022660351532977074
xgb_smote,notes_emb_278,0.0023925600107759237
xgb_smote,notes_emb_279,0.0019767791964113712
xgb_smote,notes_emb_280,0.001208947622217238
xgb_smote,notes_emb_281,0.004540312569588423
xgb_smote,notes_emb_282,0.000690959335770458
xgb_smote,notes_emb_283,0.0005908450111746788
xgb_smote,notes_emb_284,0.001422291505150497
xgb_smote,notes_emb_285,0.0008232762920670211
xgb_smote,notes_emb_286,0.00046607741387560964
xgb_smote,notes_emb_287,0.0038285476621240377
xgb_smote,notes_emb_288,0.0015587102388963103
xgb_smote,notes_emb_289,0.001343586714938283
xgb_smote,notes_emb_290,0.0023546249140053988
xgb_smote,notes_emb_291,0.0009965274948626757
xgb_smote,notes_emb_292,0.00046402879524976015
xgb_smote,notes_emb_293,0.0008286013035103679
xgb_smote,notes_emb_294,0.00212992075830698
xgb_smote,notes_emb_295,0.0024156426079571247
xgb_smote,notes_emb_296,0.0020544857252389193
xgb_smote,notes_emb_297,0.0015329680172726512
xgb_smote,notes_emb_298,0.0016202477272599936
xgb_smote,notes_emb_299,0.0019889138638973236
xgb_smote,notes_emb_300,0.00034220563247799873
xgb_smote,notes_emb_301,0.001538210199214518
xgb_smote,notes_emb_302,0.0011224161135032773
xgb_smote,notes_emb_303,0.0021845593582838774
xgb_smote,notes_emb_304,0.0008966531022451818
xgb_smote,notes_emb_305,0.0008787841070443392
xgb_smote,notes_emb_306,0.002696180948987603
xgb_smote,notes_emb_307,0.0022463484201580286
xgb_smote,notes_emb_308,0.001479515340179205
xgb_smote,notes_emb_309,0.0023963560815900564
xgb_smote,notes_emb_310,0.001531963120214641
xgb_smote,notes_emb_311,0.003489416092634201
xgb_smote,notes_emb_312,0.0075813415460288525
xgb_smote,notes_emb_313,0.0006886280025355518
xgb_smote,notes_emb_314,0.00113201723434031
xgb_smote,notes_emb_315,0.0012654823949560523
xgb_smote,notes_emb_316,0.0012617985485121608
xgb_smote,notes_emb_317,0.001292361062951386
xgb_smote,notes_emb_318,0.0008429770823568106
xgb_smote,notes_emb_319,0.0028982001822441816
xgb_smote,notes_emb_320,0.0010443454375490546
xgb_smote,notes_emb_321,0.0027301774825900793
xgb_smote,notes_emb_322,0.0013934659073129296
xgb_smote,notes_emb_323,0.002521815709769726
xgb_smote,notes_emb_324,0.002451040083542466
xgb_smote,notes_emb_325,0.0048439581878483295
xgb_smote,notes_emb_326,0.0011154738022014499
xgb_smote,notes_emb_327,0.002086927415803075
xgb_smote,notes_emb_328,0.004203237127512693
xgb_smote,notes_emb_329,0.001478665042668581
xgb_smote,notes_emb_330,0.004585050977766514
xgb_smote,notes_emb_331,0.003020187607035041
xgb_smote,notes_emb_332,0.0010675570229068398
xgb_smote,notes_emb_333,0.00157938152551651
xgb_smote,notes_emb_334,0.0008610882214270532
xgb_smote,notes_emb_335,0.007126413751393557
xgb_smote,notes_emb_336,0.001964797265827656
xgb_smote,notes_emb_337,0.0001576941431267187
xgb_smote,notes_emb_338,0.001879101968370378
xgb_smote,notes_emb_339,0.0018045983742922544
xgb_smote,notes_emb_340,0.0014730168040841818
xgb_smote,notes_emb_341,0.0004715260583907366
xgb_smote,notes_emb_342,0.000658892560750246
xgb_smote,notes_emb_343,0.003546695690602064
xgb_smote,notes_emb_344,0.0012703234096989036
xgb_smote,notes_emb_345,0.0030693309381604195
xgb_smote,notes_emb_346,0.0011418797075748444
xgb_smote,notes_emb_347,0.002709893276914954
xgb_smote,notes_emb_348,0.0007596025825478137
xgb_smote,notes_emb_349,0.009405906312167645
xgb_smote,notes_emb_350,0.0008810751023702323
xgb_smote,notes_emb_351,0.003798900870606303
xgb_smote,notes_emb_352,0.0016817328287288547
xgb_smote,notes_emb_353,0.0001852529967436567
xgb_smote,notes_emb_354,0.002006503753364086
xgb_smote,notes_emb_355,0.002937030280008912
xgb_smote,notes_emb_356,0.0005043058190494776
xgb_smote,notes_emb_357,0.0016115272883325815
xgb_smote,notes_emb_358,0.0016693536890670657
xgb_smote,notes_emb_359,0.0013008745154365897
xgb_smote,notes_emb_360,0.0005310075357556343
xgb_smote,notes_emb_361,0.0017082925187423825
xgb_smote,notes_emb_362,0.0020875304471701384
xgb_smote,notes_emb_363,0.0009964106138795614
xgb_smote,notes_emb_364,0.004376477096229792
xgb_smote,notes_emb_365,0.015156804583966732
xgb_smote,notes_emb_366,0.0015907164197415113
xgb_smote,notes_emb_367,0.0010510156862437725
xgb_smote,notes_emb_368,0.0011684305500239134
xgb_smote,notes_emb_369,0.0014393477467820048
xgb_smote,notes_emb_370,0.0005258920136839151
xgb_smote,notes_emb_371,0.0013786738272756338
xgb_smote,notes_emb_372,0.0013805038761347532
xgb_smote,notes_emb_373,0.0010327271884307265
xgb_smote,notes_emb_374,0.001241733436472714
xgb_smote,notes_emb_375,0.005063667427748442
xgb_smote,notes_emb_376,0.0014071885962039232
xgb_smote,notes_emb_377,0.0039487420581281185
xgb_smote,notes_emb_378,0.002328186761587858
xgb_smote,notes_emb_379,0.0014911567559465766
xgb_smote,notes_emb_380,0.0044833081774413586
xgb_smote,notes_emb_381,0.001103691291064024
xgb_smote,notes_emb_382,0.00200251885689795
xgb_smote,notes_emb_383,0.0017561380518600345
xgb_adasyn,civilian_targeting,0.02773989923298359
xgb_adasyn,fatalities,0.056015826761722565
xgb_adasyn,violence_against_women,0.0
xgb_adasyn,sub_event_type_Abduction/forced disappearance,0.0
xgb_adasyn,sub_event_type_Air/drone strike,0.0
xgb_adasyn,sub_event_type_Armed clash,0.008044611662626266
xgb_adasyn,sub_event_type_Attack,0.0004122532845940441
xgb_adasyn,sub_event_type_Government regains territory,0.0
xgb_adasyn,sub_event_type_Grenade,0.0
xgb_adasyn,sub_event_type_Non-state actor overtakes territory,0.0037844169419258833
xgb_adasyn,sub_event_type_Remote explosive/landmine/IED,0.005554168950766325
xgb_adasyn,sub_event_type_Sexual violence,0.0
xgb_adasyn,sub_event_type_Shelling/artillery/missile attack,0.014025379903614521
xgb_adasyn,sub_event_type_Suicide bomb,0.0
xgb_adasyn,notes_emb_0,0.0010749081848189235
xgb_adasyn,notes_emb_1,0.0015854506054893136
xgb_adasyn,notes_emb_2,0.0017608643975108862
xgb_adasyn,notes_emb_3,0.003363691968843341
xgb_adasyn,notes_emb_4,0.0015183115610852838
xgb_adasyn,notes_emb_5,0.0023016256745904684
xgb_adasyn,notes_emb_6,0.0016473535215482116
xgb_adasyn,notes_emb_7,0.0021322716493159533
xgb_adasyn,notes_emb_8,0.002780814655125141
xgb_adasyn,notes_emb_9,0.0013578786747530103
xgb_adasyn,notes_emb_10,0.001506958855316043
xgb_adasyn,notes_emb_11,0.001821928541176021
xgb_adasyn,notes_emb_12,0.0035010797437280416
xgb_adasyn,notes_emb_13,0.0013810205273330212
xgb_adasyn,notes_emb_14,0.0033972228411585093
xgb_adasyn,notes_emb_15,0.0007008393295109272
xgb_adasyn,notes_emb_16,0.0011395380133762956
xgb_adasyn,notes_emb_17,0.0010723782470449805
xgb_adasyn,notes_emb_18,0.0013386374339461327
xgb_adasyn,notes_emb_19,0.001026179175823927
xgb_adasyn,notes_emb_20,0.0011556263780221343
xgb_adasyn,notes_emb_21,0.0007444610237143934
xgb_adasyn,notes_emb_22,0.0024443319998681545
xgb_adasyn,notes_emb_23,0.0018310793675482273
xgb_adasyn,notes_emb_24,0.0012796196388080716
xgb_adasyn,notes_emb_25,0.002152481349185109
xgb_adasyn,notes_emb_26,0.00119616964366287
xgb_adasyn,notes_emb_27,0.004493264947086573
xgb_adasyn,notes_emb_28,0.0016457228921353817
xgb_adasyn,notes_emb_29,0.0012911884114146233
xgb_adasyn,notes_emb_30,0.0028238906525075436
xgb_adasyn,notes_emb_31,0.0008169022621586919
xgb_adasyn,notes_emb_32,0.0018736912170425057
xgb_adasyn,notes_emb_33,0.0019657164812088013
xgb_adasyn,notes_emb_34,0.0007573860348202288
xgb_adasyn,notes_emb_35,0.003525802167132497
xgb_adasyn,notes_emb_36,0.0005372188752517104
xgb_adasyn,notes_emb_37,0.0012599426554515958
xgb_adasyn,notes_emb_38,0.001415477367118001
xgb_adasyn,notes_emb_39,0.001861195545643568
xgb_adasyn,notes_emb_40,0.0017917772056534886
xgb_adasyn,notes_emb_41,0.00494619132950902
xgb_adasyn,notes_emb_42,0.0024475317914038897
xgb_adasyn,notes_emb_43,0.0002261001500301063
xgb_adasyn,notes_emb_44,0.008737243711948395
xgb_adasyn,notes_emb_45,0.0024728025309741497
xgb_adasyn,notes_emb_46,0.0017487471923232079
xgb_adasyn,notes_emb_47,0.0005797258345410228
xgb_adasyn,notes_emb_48,0.0007269742782227695
xgb_adasyn,notes_emb_49,0.0035104905255138874
xgb_adasyn,notes_emb_50,0.0007725235773250461
xgb_adasyn,notes_emb_51,0.0019708878826349974
xgb_adasyn,notes_emb_52,0.0015464061871170998
xgb_adasyn,notes_emb_53,0.004076782148331404
xgb_adasyn,notes_emb_54,0.0019805836491286755
xgb_adasyn,notes_emb_55,0.0010107045527547598
xgb_adasyn,notes_emb_56,0.0016346442280337214
xgb_adasyn,notes_emb_57,0.0018501629820093513
xgb_adasyn,notes_emb_58,0.0020337430760264397
xgb_adasyn,notes_emb_59,0.000760536699090153
xgb_adasyn,notes_emb_60,0.0007555559859611094
xgb_adasyn,notes_emb_61,0.0017033264739438891
xgb_adasyn,notes_emb_62,0.0008135605603456497
xgb_adasyn,notes_emb_63,0.002204318530857563
xgb_adasyn,notes_emb_64,0.0027696716133505106
xgb_adasyn,notes_emb_65,0.0013535711914300919
xgb_adasyn,notes_emb_66,0.005222656764090061
xgb_adasyn,notes_emb_67,0.005038361065089703
xgb_adasyn,notes_emb_68,0.0017521018162369728
xgb_adasyn,notes_emb_69,0.0025301582645624876
xgb_adasyn,notes_emb_70,0.002046245848760009
xgb_adasyn,notes_emb_71,0.0024888438638299704
xgb_adasyn,notes_emb_72,0.0022568937856703997
xgb_adasyn,notes_emb_73,0.0019606431014835835
xgb_adasyn,notes_emb_74,0.0041015916503965855
xgb_adasyn,notes_emb_75,0.0015565984649583697
xgb_adasyn,notes_emb_76,0.001577461021952331
xgb_adasyn,notes_emb_77,0.0009419920388609171
xgb_adasyn,notes_emb_78,0.0006982606719247997
xgb_adasyn,notes_emb_79,0.0009174651349894702
xgb_adasyn,notes_emb_80,0.0014013360487297177
xgb_adasyn,notes_emb_81,0.0015077439602464437
xgb_adasyn,notes_emb_82,0.0030426958110183477
xgb_adasyn,notes_emb_83,0.0020640711300075054
xgb_adasyn,notes_emb_84,0.0018907884368672967
xgb_adasyn,notes_emb_85,0.0004963435931131244
xgb_adasyn,notes_emb_86,0.0009386597666889429
xgb_adasyn,notes_emb_87,0.0015955496346578002
xgb_adasyn,notes_emb_88,0.0027798644732683897
xgb_adasyn,notes_emb_89,0.0010646362788975239
xgb_adasyn,notes_emb_90,0.0018751536263152957
xgb_adasyn,notes_emb_91,0.001094567938707769
xgb_adasyn,notes_emb_92,0.0012054155813530087
xgb_adasyn,notes_emb_93,0.001611451618373394
xgb_adasyn,notes_emb_94,0.0003599455230869353
xgb_adasyn,notes_emb_95,0.0003975562285631895
xgb_adasyn,notes_emb_96,0.0013372593093663454
xgb_adasyn,notes_emb_97,0.0010221481788903475
xgb_adasyn,notes_emb_98,0.003018928924575448
xgb_adasyn,notes_emb_99,0.0014563180739060044
xgb_adasyn,notes_emb_100,0.0009814957156777382
xgb_adasyn,notes_emb_101,0.02078281156718731
xgb_adasyn,notes_emb_102,0.010325879789888859
xgb_adasyn,notes_emb_103,0.0008826539269648492
xgb_adasyn,notes_emb_104,0.0019643011037260294
xgb_adasyn,notes_emb_105,0.0009396815439686179
xgb_adasyn,notes_emb_106,0.0025995932519435883
xgb_adasyn,notes_emb_107,0.0026136261876672506
xgb_adasyn,notes_emb_108,0.0034628191497176886
xgb_adasyn,notes_emb_109,0.0014979175757616758
xgb_adasyn,notes_emb_110,0.003555410308763385
xgb_adasyn,notes_emb_111,0.00501812482252717
xgb_adasyn,notes_emb_112,0.0017563685541972518
xgb_adasyn,notes_emb_113,0.0031325826421380043
xgb_adasyn,notes_emb_114,0.0008585232426412404
xgb_adasyn,notes_emb_115,0.0008108196198008955
xgb_adasyn,notes_emb_116,0.0013575567863881588
xgb_adasyn,notes_emb_117,0.0027415140066295862
xgb_adasyn,notes_emb_118,0.0015536771388724446
xgb_adasyn,notes_emb_119,0.0029854525346308947
xgb_adasyn,notes_emb_120,0.0004886731621809304
xgb_adasyn,notes_emb_121,0.0013446430675685406
xgb_adasyn,notes_emb_122,0.0019567939452826977
xgb_adasyn,notes_emb_123,0.00155245466157794
xgb_adasyn,notes_emb_124,0.0004077699559275061
xgb_adasyn,notes_emb_125,0.004443942569196224
xgb_adasyn,notes_emb_126,0.0013181110844016075
xgb_adasyn,notes_emb_127,0.00755600119009614
xgb_adasyn,notes_emb_128,0.0007612163317389786
xgb_adasyn,notes_emb_129,0.0005122428410686553
xgb_adasyn,notes_emb_130,0.0025669794995337725
xgb_adasyn,notes_emb_131,0.006296648643910885
xgb_adasyn,notes_emb_132,0.0035675601102411747
xgb_adasyn,notes_emb_133,0.0015979058807715774
xgb_adasyn,notes_emb_134,0.0013102181255817413
xgb_adasyn,notes_emb_135,0.0008324759546667337
xgb_adasyn,notes_emb_136,0.002922621788457036
xgb_adasyn,notes_emb_137,0.0028002781327813864
xgb_adasyn,notes_emb_138,0.0013117868220433593
xgb_adasyn,notes_emb_139,0.003638156922534108
xgb_adasyn,notes_emb_140,0.0039670756086707115
xgb_adasyn,notes_emb_141,0.0024686288088560104
xgb_adasyn,notes_emb_142,0.0019891303963959217
xgb_adasyn,notes_emb_143,0.0007186941220425069
xgb_adasyn,notes_emb_144,0.0011719852918758988
xgb_adasyn,notes_emb_145,0.0019168602302670479
xgb_adasyn,notes_emb_146,0.0020986059680581093
xgb_adasyn,notes_emb_147,0.001867020851932466
xgb_adasyn,notes_emb_148,0.0037632014136761427
xgb_adasyn,notes_emb_149,0.005418033339083195
xgb_adasyn,notes_emb_150,0.0015848136972635984
xgb_adasyn,notes_emb_151,0.0014801439829170704
xgb_adasyn,notes_emb_152,0.002139842137694359
xgb_adasyn,notes_emb_153,0.0014892482431605458
xgb_adasyn,notes_emb_154,0.002920597093179822
xgb_adasyn,notes_emb_155,0.005496481899172068
xgb_adasyn,notes_emb_156,0.002440368290990591
xgb_adasyn,notes_emb_157,0.004792158491909504
xgb_adasyn,notes_emb_158,0.0009482733439654112
xgb_adasyn,notes_emb_159,0.00136122340336442
xgb_adasyn,notes_emb_160,0.0026862991508096457
xgb_adasyn,notes_emb_161,0.002372143557295203
xgb_adasyn,notes_emb_162,0.0034637292847037315
xgb_adasyn,notes_emb_163,0.0005982414586469531
xgb_adasyn,notes_emb_164,0.0005797159974463284
xgb_adasyn,notes_emb_165,0.002532884944230318
xgb_adasyn,notes_emb_166,0.0009103642078116536
xgb_adasyn,notes_emb_167,0.0027323863469064236
xgb_adasyn,notes_emb_168,0.0011359149357303977
xgb_adasyn,notes_emb_169,0.0019061443163082004
xgb_adasyn,notes_emb_170,0.003050560364499688
xgb_adasyn,notes_emb_171,0.0019633867777884007
xgb_adasyn,notes_emb_172,0.0023777775932103395
xgb_adasyn,notes_emb_173,0.0010704542510211468
xgb_adasyn,notes_emb_174,0.002600753214210272
xgb_adasyn,notes_emb_175,0.0016195587813854218
xgb_adasyn,notes_emb_176,0.0027623251080513
xgb_adasyn,notes_emb_177,0.001442991546355188
xgb_adasyn,notes_emb_178,0.0006884963950142264
xgb_adasyn,notes_emb_179,0.002809341764077544
xgb_adasyn,notes_emb_180,0.002305044559761882
xgb_adasyn,notes_emb_181,0.0018864613957703114
xgb_adasyn,notes_emb_182,0.003564057871699333
xgb_adasyn,notes_emb_183,0.001813398441299796
xgb_adasyn,notes_emb_184,0.0014092803467065096
xgb_adasyn,notes_emb_185,0.0012538892915472388
xgb_adasyn,notes_emb_186,0.0009453657548874617
xgb_adasyn,notes_emb_187,0.0011416414054110646
xgb_adasyn,notes_emb_188,0.00464378297328949
xgb_adasyn,notes_emb_189,0.0015192461432889104
xgb_adasyn,notes_emb_190,0.002277668798342347
xgb_adasyn,notes_emb_191,0.0015008891932666302
xgb_adasyn,notes_emb_192,0.0028829786460846663
xgb_adasyn,notes_emb_193,0.0014625757467001677
xgb_adasyn,notes_emb_194,0.0011153960367664695
xgb_adasyn,notes_emb_195,0.002530711004510522
xgb_adasyn,notes_emb_196,0.0009119390160776675
xgb_adasyn,notes_emb_197,0.0024764840491116047
xgb_adasyn,notes_emb_198,0.0022043688222765923
xgb_adasyn,notes_emb_199,0.0012051657540723681
xgb_adasyn,notes_emb_200,0.0013252687640488148
xgb_adasyn,notes_emb_201,0.00047894439194351435
xgb_adasyn,notes_emb_202,0.000893736316356808
xgb_adasyn,notes_emb_203,0.0020510912872850895
xgb_adasyn,notes_emb_204,0.003858433337882161
xgb_adasyn,notes_emb_205,0.0015064895851537585
xgb_adasyn,notes_emb_206,0.0020825467072427273
xgb_adasyn,notes_emb_207,0.0009971187682822347
xgb_adasyn,notes_emb_208,0.002515299478545785
xgb_adasyn,notes_emb_209,0.0018843410070985556
xgb_adasyn,notes_emb_210,0.002629421418532729
xgb_adasyn,notes_emb_211,0.0021469767671078444
xgb_adasyn,notes_emb_212,0.0021130763925611973
xgb_adasyn,notes_emb_213,0.0017139915144070983
xgb_adasyn,notes_emb_214,0.0012789771426469088
xgb_adasyn,notes_emb_215,0.0033198108430951834
xgb_adasyn,notes_emb_216,0.0016753339441493154
xgb_adasyn,notes_emb_217,0.0019481403287500143
xgb_adasyn,notes_emb_218,0.0027905951719731092
xgb_adasyn,notes_emb_219,0.0026166089810431004
xgb_adasyn,notes_emb_220,0.0015607966342940927
xgb_adasyn,notes_emb_221,0.0019420877797529101
xgb_adasyn,notes_emb_222,0.0012587952660396695
xgb_adasyn,notes_emb_223,0.0021638390608131886
xgb_adasyn,notes_emb_224,0.008021987043321133
xgb_adasyn,notes_emb_225,0.005533555056899786
xgb_adasyn,notes_emb_226,0.0017027556896209717
xgb_adasyn,notes_emb_227,0.0013974944595247507
xgb_adasyn,notes_emb_228,0.0020668604411184788
xgb_adasyn,notes_emb_229,0.006741988472640514
xgb_adasyn,notes_emb_230,0.0016002040356397629
xgb_adasyn,notes_emb_231,0.0011394531466066837
xgb_adasyn,notes_emb_232,0.0020014450419694185
xgb_adasyn,notes_emb_233,0.0012235709000378847
xgb_adasyn,notes_emb_234,0.0019613895565271378
xgb_adasyn,notes_emb_235,0.0014492409536615014
xgb_adasyn,notes_emb_236,0.004669358022511005
xgb_adasyn,notes_emb_237,0.00045792225864715874
xgb_adasyn,notes_emb_238,0.0023593914229422808
xgb_adasyn,notes_emb_239,0.0013906803214922547
xgb_adasyn,notes_emb_240,0.000492304447107017
xgb_adasyn,notes_emb_241,0.0013771959347650409
xgb_adasyn,notes_emb_242,0.0015873151132836938
xgb_adasyn,notes_emb_243,0.0015480255242437124
xgb_adasyn,notes_emb_244,0.0016644465504214168
xgb_adasyn,notes_emb_245,0.00313440035097301
xgb_adasyn,notes_emb_246,0.0012049872893840075
xgb_adasyn,notes_emb_247,0.0027419256512075663
xgb_adasyn,notes_emb_248,0.0010353628313168883
xgb_adasyn,notes_emb_249,0.0051653324626386166
xgb_adasyn,notes_emb_250,0.0014983393484726548
xgb_adasyn,notes_emb_251,0.0019065255764871836
xgb_adasyn,notes_emb_252,0.003201290499418974
xgb_adasyn,notes_emb_253,0.010851642116904259
xgb_adasyn,notes_emb_254,0.0024137222208082676
xgb_adasyn,notes_emb_255,0.005264089908450842
xgb_adasyn,notes_emb_256,0.0027613008860498667
xgb_adasyn,notes_emb_257,0.0007042665383778512
xgb_adasyn,notes_emb_258,0.0021556809078902006
xgb_adasyn,notes_emb_259,0.0007042288198135793
xgb_adasyn,notes_emb_260,0.00025727407773956656
xgb_adasyn,notes_emb_261,0.0022001394536346197
xgb_adasyn,notes_emb_262,0.0037944151554256678
xgb_adasyn,notes_emb_263,0.002950381487607956
xgb_adasyn,notes_emb_264,0.001272454159334302
xgb_adasyn,notes_emb_265,0.0009727776050567627
xgb_adasyn,notes_emb_266,0.0007077704067341983
xgb_adasyn,notes_emb_267,0.006184247322380543
xgb_adasyn,notes_emb_268,0.00266141165047884
xgb_adasyn,notes_emb_269,0.006746679078787565
xgb_adasyn,notes_emb_270,0.0014872716274112463
xgb_adasyn,notes_emb_271,0.0006189465057104826
xgb_adasyn,notes_emb_272,0.007687843404710293
xgb_adasyn,notes_emb_273,0.014108910225331783
xgb_adasyn,notes_emb_274,0.001247193431481719
xgb_adasyn,notes_emb_275,0.000830426870379597
xgb_adasyn,notes_emb_276,0.0022875231225043535
xgb_adasyn,notes_emb_277,0.0008871076861396432
xgb_adasyn,notes_emb_278,0.0014074461068958044
xgb_adasyn,notes_emb_279,0.0014096349477767944
xgb_adasyn,notes_emb_280,0.0019809508230537176
xgb_adasyn,notes_emb_281,0.002124109538272023
xgb_adasyn,notes_emb_282,0.001223175786435604
xgb_adasyn,notes_emb_283,0.0005678393645212054
xgb_adasyn,notes_emb_284,0.0015580159379169345
xgb_adasyn,notes_emb_285,0.001786298700608313
xgb_adasyn,notes_emb_286,0.004148847423493862
xgb_adasyn,notes_emb_287,0.005368211772292852
xgb_adasyn,notes_emb_288,0.0013926884857937694
xgb_adasyn,notes_emb_289,0.001406357274390757
xgb_adasyn,notes_emb_290,0.0005019549862481654
xgb_adasyn,notes_emb_291,0.0016039109323173761
xgb_adasyn,notes_emb_292,0.0032129413448274136
xgb_adasyn,notes_emb_293,0.0021944097243249416
xgb_adasyn,notes_emb_294,0.0009065489284694195
xgb_adasyn,notes_emb_295,0.0013406674843281507
xgb_adasyn,notes_emb_296,0.0009953759144991636
xgb_adasyn,notes_emb_297,0.0020989987533539534
xgb_adasyn,notes_emb_298,0.003932423423975706
xgb_adasyn,notes_emb_299,0.001338506699539721
xgb_adasyn,notes_emb_300,0.0016707548638805747
xgb_adasyn,notes_emb_301,0.0018427505856379867
xgb_adasyn,notes_emb_302,0.002296291058883071
xgb_adasyn,notes_emb_303,0.0006918346625752747
xgb_adasyn,notes_emb_304,0.0022450771648436785
xgb_adasyn,notes_emb_305,0.0012318375520408154
xgb_adasyn,notes_emb_306,0.002074729185551405
xgb_adasyn,notes_emb_307,0.0008483497076667845
xgb_adasyn,notes_emb_308,0.0010869497200474143
xgb_adasyn,notes_emb_309,0.0025255545042455196
xgb_adasyn,notes_emb_310,0.0011976453242823482
xgb_adasyn,notes_emb_311,0.001276597147807479
xgb_adasyn,notes_emb_312,0.0024952543899416924
xgb_adasyn,notes_emb_313,0.0020387019030749798
xgb_adasyn,notes_emb_314,0.002167662139981985
xgb_adasyn,notes_emb_315,0.0010056301252916455
xgb_adasyn,notes_emb_316,0.0013383987825363874
xgb_adasyn,notes_emb_317,0.0028034306596964598
xgb_adasyn,notes_emb_318,0.0008074923534877598
xgb_adasyn,notes_emb_319,0.0025871030520647764
xgb_adasyn,notes_emb_320,0.0007744466420263052
xgb_adasyn,notes_emb_321,0.0018022065050899982
xgb_adasyn,notes_emb_322,0.0034581192303448915
xgb_adasyn,notes_emb_323,0.0011598793789744377
xgb_adasyn,notes_emb_324,0.000896065088454634
xgb_adasyn,notes_emb_325,0.0034969968255609274
xgb_adasyn,notes_emb_326,0.0025827346835285425
xgb_adasyn,notes_emb_327,0.0014189761132001877
xgb_adasyn,notes_emb_328,0.004539059475064278
xgb_adasyn,notes_emb_329,0.0018423706060275435
xgb_adasyn,notes_emb_330,0.004451846703886986
xgb_adasyn,notes_emb_331,0.001084518269635737
xgb_adasyn,notes_emb_332,0.0036415508948266506
xgb_adasyn,notes_emb_333,0.003934444393962622
xgb_adasyn,notes_emb_334,0.001178042497485876
xgb_adasyn,notes_emb_335,0.0013435953296720982
xgb_adasyn,notes_emb_336,0.005706501193344593
xgb_adasyn,notes_emb_337,0.0008833069005049765
xgb_adasyn,notes_emb_338,0.0018120607128366828
xgb_adasyn,notes_emb_339,0.005265485495328903
xgb_adasyn,notes_emb_340,0.0025880616158246994
xgb_adasyn,notes_emb_341,0.0002772397710941732
xgb_adasyn,notes_emb_342,0.0017587137408554554
xgb_adasyn,notes_emb_343,0.004348283167928457
xgb_adasyn,notes_emb_344,0.004563776310533285
xgb_adasyn,notes_emb_345,0.0038884354289621115
xgb_adasyn,notes_emb_346,0.0019061437342315912
xgb_adasyn,notes_emb_347,0.004063338041305542
xgb_adasyn,notes_emb_348,0.0008218415314331651
xgb_adasyn,notes_emb_349,0.0005177778075449169
xgb_adasyn,notes_emb_350,0.0061653535813093185
xgb_adasyn,notes_emb_351,0.0002709693508222699
xgb_adasyn,notes_emb_352,0.0012703442480415106
xgb_adasyn,notes_emb_353,0.0004026534443255514
xgb_adasyn,notes_emb_354,0.001527020474895835
xgb_adasyn,notes_emb_355,0.002173774177208543
xgb_adasyn,notes_emb_356,0.0009552908013574779
xgb_adasyn,notes_emb_357,0.0024122914765030146
xgb_adasyn,notes_emb_358,0.001501619117334485
xgb_adasyn,notes_emb_359,0.0014614139217883348
xgb_adasyn,notes_emb_360,0.0019455417059361935
xgb_adasyn,notes_emb_361,0.0004215085646137595
xgb_adasyn,notes_emb_362,0.007567557971924543
xgb_adasyn,notes_emb_363,0.0019172823522239923
xgb_adasyn,notes_emb_364,0.010979815386235714
xgb_adasyn,notes_emb_365,0.012870891019701958
xgb_adasyn,notes_emb_366,0.0012106267968192697
xgb_adasyn,notes_emb_367,0.0014076733496040106
xgb_adasyn,notes_emb_368,0.001896174275316298
xgb_adasyn,notes_emb_369,0.0025250560138374567
xgb_adasyn,notes_emb_370,0.0016231202753260732
xgb_adasyn,notes_emb_371,0.0028400328010320663
xgb_adasyn,notes_emb_372,0.0017497781664133072
xgb_adasyn,notes_emb_373,0.002797843189910054
xgb_adasyn,notes_emb_374,0.004186917096376419
xgb_adasyn,notes_emb_375,0.0010644440772011876
xgb_adasyn,notes_emb_376,0.0016887134406715631
xgb_adasyn,notes_emb_377,0.004616452846676111
xgb_adasyn,notes_emb_378,0.0019247432937845588
xgb_adasyn,notes_emb_379,0.001747658010572195
xgb_adasyn,notes_emb_380,0.004794968757778406
xgb_adasyn,notes_emb_381,0.003158108564093709
xgb_adasyn,notes_emb_382,0.002050649607554078
xgb_adasyn,notes_emb_383,0.0032279263250529766
xgb_borderline_smote,civilian_targeting,0.010672532953321934
xgb_borderline_smote,fatalities,0.05689353868365288
xgb_borderline_smote,violence_against_women,0.0
xgb_borderline_smote,sub_event_type_Abduction/forced disappearance,0.0
xgb_borderline_smote,sub_event_type_Air/drone strike,0.0
xgb_borderline_smote,sub_event_type_Armed clash,0.007090001367032528
xgb_borderline_smote,sub_event_type_Attack,0.0036528264172375202
xgb_borderline_smote,sub_event_type_Government regains territory,0.0
xgb_borderline_smote,sub_event_type_Grenade,0.0
xgb_borderline_smote,sub_event_type_Non-state actor overtakes territory,0.002360505750402808
xgb_borderline_smote,sub_event_type_Remote explosive/landmine/IED,0.014231032691895962
xgb_borderline_smote,sub_event_type_Sexual violence,0.0
xgb_borderline_smote,sub_event_type_Shelling/artillery/missile attack,0.0
xgb_borderline_smote,sub_event_type_Suicide bomb,0.0
xgb_borderline_smote,notes_emb_0,0.004565070383250713
xgb_borderline_smote,notes_emb_1,0.0011122822761535645
xgb_borderline_smote,notes_emb_2,0.0018796536605805159
xgb_borderline_smote,notes_emb_3,0.003009212901815772
xgb_borderline_smote,notes_emb_4,0.001736562349833548
xgb_borderline_smote,notes_emb_5,0.003570085857063532
xgb_borderline_smote,notes_emb_6,0.0014626000775024295
xgb_borderline_smote,notes_emb_7,0.001063816249370575
xgb_borderline_smote,notes_emb_8,0.003172606695443392
xgb_borderline_smote,notes_emb_9,0.0019123703241348267
xgb_borderline_smote,notes_emb_10,0.0008795851026661694
xgb_borderline_smote,notes_emb_11,0.001259902841411531
xgb_borderline_smote,notes_emb_12,0.0012868269113823771
xgb_borderline_smote,notes_emb_13,0.0010901878122240305
xgb_borderline_smote,notes_emb_14,0.0018197775352746248
xgb_borderline_smote,notes_emb_15,0.0045797559432685375
xgb_borderline_smote,notes_emb_16,0.0013816665159538388
xgb_borderline_smote,notes_emb_17,0.003040111856535077
xgb_borderline_smote,notes_emb_18,0.0015419090632349253
xgb_borderline_smote,notes_emb_19,0.0018855835078284144
xgb_borderline_smote,notes_emb_20,0.0010938470950350165
xgb_borderline_smote,notes_emb_21,0.0008929529576562345
xgb_borderline_smote,notes_emb_22,0.0015066185733303428
xgb_borderline_smote,notes_emb_23,0.002250801306217909
xgb_borderline_smote,notes_emb_24,0.0019079901976510882
xgb_borderline_smote,notes_emb_25,0.0018442930886521935
xgb_borderline_smote,notes_emb_26,0.0014262415934354067
xgb_borderline_smote,notes_emb_27,0.00405892264097929
xgb_borderline_smote,notes_emb_28,0.002208579331636429
xgb_borderline_smote,notes_emb_29,0.0011818966595456004
xgb_borderline_smote,notes_emb_30,0.0007583413389511406
xgb_borderline_smote,notes_emb_31,0.001691550249233842
xgb_borderline_smote,notes_emb_32,0.0016508994158357382
xgb_borderline_smote,notes_emb_33,0.004090733826160431
xgb_borderline_smote,notes_emb_34,0.0018124934285879135
xgb_borderline_smote,notes_emb_35,0.002677972661331296
xgb_borderline_smote,notes_emb_36,0.002262188121676445
xgb_borderline_smote,notes_emb_37,0.002168556908145547
xgb_borderline_smote,notes_emb_38,0.0019019802566617727
xgb_borderline_smote,notes_emb_39,0.0015131927793845534
xgb_borderline_smote,notes_emb_40,0.002329607028514147
xgb_borderline_smote,notes_emb_41,0.004913719836622477
xgb_borderline_smote,notes_emb_42,0.0010580202797427773
xgb_borderline_smote,notes_emb_43,0.00104424892924726
xgb_borderline_smote,notes_emb_44,0.0037486455403268337
xgb_borderline_smote,notes_emb_45,0.0006414756062440574
xgb_borderline_smote,notes_emb_46,0.0031132521107792854
xgb_borderline_smote,notes_emb_47,0.0013089035637676716
xgb_borderline_smote,notes_emb_48,0.0019889231771230698
xgb_borderline_smote,notes_emb_49,0.002499121008440852
xgb_borderline_smote,notes_emb_50,0.0014010565355420113
xgb_borderline_smote,notes_emb_51,0.0020228633657097816
xgb_borderline_smote,notes_emb_52,0.003491433337330818
xgb_borderline_smote,notes_emb_53,0.0025974796153604984
xgb_borderline_smote,notes_emb_54,0.0011636798735707998
xgb_borderline_smote,notes_emb_55,0.0017256132559850812
xgb_borderline_smote,notes_emb_56,0.0021699327044188976
xgb_borderline_smote,notes_emb_57,0.004506007768213749
xgb_borderline_smote,notes_emb_58,0.0007295917021110654
xgb_borderline_smote,notes_emb_59,0.0009456651750952005
xgb_borderline_smote,notes_emb_60,0.0022313690278679132
xgb_borderline_smote,notes_emb_61,0.0015368423191830516
xgb_borderline_smote,notes_emb_62,0.0015423920704051852
xgb_borderline_smote,notes_emb_63,0.0011100837728008628
xgb_borderline_smote,notes_emb_64,0.0030745728872716427
xgb_borderline_smote,notes_emb_65,0.008472858928143978
xgb_borderline_smote,notes_emb_66,0.006497314665466547
xgb_borderline_smote,notes_emb_67,0.0023727959487587214
xgb_borderline_smote,notes_emb_68,0.0018179495818912983
xgb_borderline_smote,notes_emb_69,0.0057962131686508656
xgb_borderline_smote,notes_emb_70,0.0030432203784585
xgb_borderline_smote,notes_emb_71,0.008994065225124359
xgb_borderline_smote,notes_emb_72,0.0023835154715925455
xgb_borderline_smote,notes_emb_73,0.0010932489531114697
xgb_borderline_smote,notes_emb_74,0.0024796808138489723
xgb_borderline_smote,notes_emb_75,0.0010477898176759481
xgb_borderline_smote,notes_emb_76,0.002256756881251931
xgb_borderline_smote,notes_emb_77,0.002247994299978018
xgb_borderline_smote,notes_emb_78,0.0005408403230831027
xgb_borderline_smote,notes_emb_79,0.0014093441423028708
xgb_borderline_smote,notes_emb_80,0.0006233020685613155
xgb_borderline_smote,notes_emb_81,0.0009058769792318344
xgb_borderline_smote,notes_emb_82,0.0018024102319031954
xgb_borderline_smote,notes_emb_83,0.002130227629095316
xgb_borderline_smote,notes_emb_84,0.003992788959294558
xgb_borderline_smote,notes_emb_85,0.0006013763486407697
xgb_borderline_smote,notes_emb_86,0.00281418114900589
xgb_borderline_smote,notes_emb_87,0.0006518424488604069
xgb_borderline_smote,notes_emb_88,0.0013463858049362898
xgb_borderline_smote,notes_emb_89,0.0029292269609868526
xgb_borderline_smote,notes_emb_90,0.002779747126623988
xgb_borderline_smote,notes_emb_91,0.00609077513217926
xgb_borderline_smote,notes_emb_92,0.0022326887119561434
xgb_borderline_smote,notes_emb_93,0.003964935429394245
xgb_borderline_smote,notes_emb_94,0.0005016871728003025
xgb_borderline_smote,notes_emb_95,0.0016001289477571845
xgb_borderline_smote,notes_emb_96,0.0011728814570233226
xgb_borderline_smote,notes_emb_97,0.0016706223832443357
xgb_borderline_smote,notes_emb_98,0.0013101992662996054
xgb_borderline_smote,notes_emb_99,0.0005304107326082885
xgb_borderline_smote,notes_emb_100,0.0002483702264726162
xgb_borderline_smote,notes_emb_101,0.024644721299409866
xgb_borderline_smote,notes_emb_102,0.005230622366070747
xgb_borderline_smote,notes_emb_103,0.000904274929780513
xgb_borderline_smote,notes_emb_104,0.00043819184065796435
xgb_borderline_smote,notes_emb_105,0.0009863992454484105
xgb_borderline_smote,notes_emb_106,0.001940211863256991
xgb_borderline_smote,notes_emb_107,0.0033688205294311047
xgb_borderline_smote,notes_emb_108,0.0013722378062084317
xgb_borderline_smote,notes_emb_109,0.0016938510816544294
xgb_borderline_smote,notes_emb_110,0.0006477811839431524
xgb_borderline_smote,notes_emb_111,0.001981664914637804
xgb_borderline_smote,notes_emb_112,0.0016522589139640331
xgb_borderline_smote,notes_emb_113,0.0011477239895612001
xgb_borderline_smote,notes_emb_114,0.0024275786709040403
xgb_borderline_smote,notes_emb_115,0.001550559070892632
xgb_borderline_smote,notes_emb_116,0.0037853005342185497
xgb_borderline_smote,notes_emb_117,0.0017932392656803131
xgb_borderline_smote,notes_emb_118,0.002973346970975399
xgb_borderline_smote,notes_emb_119,0.003524877829477191
xgb_borderline_smote,notes_emb_120,0.0016063343500718474
xgb_borderline_smote,notes_emb_121,0.001334984553977847
xgb_borderline_smote,notes_emb_122,0.002912787953391671
xgb_borderline_smote,notes_emb_123,0.0038257779087871313
xgb_borderline_smote,notes_emb_124,0.0015525744529441
xgb_borderline_smote,notes_emb_125,0.0016081217909231782
xgb_borderline_smote,notes_emb_126,0.0025247912853956223
xgb_borderline_smote,notes_emb_127,0.012027573771774769
xgb_borderline_smote,notes_emb_128,0.0011996955145150423
xgb_borderline_smote,notes_emb_129,0.001563594676554203
xgb_borderline_smote,notes_emb_130,0.004359009675681591
xgb_borderline_smote,notes_emb_131,0.006513355299830437
xgb_borderline_smote,notes_emb_132,0.003564701648429036
xgb_borderline_smote,notes_emb_133,0.0006716176285408437
xgb_borderline_smote,notes_emb_134,0.0015555887948721647
xgb_borderline_smote,notes_emb_135,0.0026887753047049046
xgb_borderline_smote,notes_emb_136,0.001409331220202148
xgb_borderline_smote,notes_emb_137,0.002824150025844574
xgb_borderline_smote,notes_emb_138,0.002613598247990012
xgb_borderline_smote,notes_emb_139,0.0038521569222211838
xgb_borderline_smote,notes_emb_140,0.0022790145594626665
xgb_borderline_smote,notes_emb_141,0.0012210228014737368
xgb_borderline_smote,notes_emb_142,0.0026549636386334896
xgb_borderline_smote,notes_emb_143,0.002076310571283102
xgb_borderline_smote,notes_emb_144,0.002883307170122862
xgb_borderline_smote,notes_emb_145,0.005122985690832138
xgb_borderline_smote,notes_emb_146,0.002249467419460416
xgb_borderline_smote,notes_emb_147,0.0015293731121346354
xgb_borderline_smote,notes_emb_148,0.0011304273502901196
xgb_borderline_smote,notes_emb_149,0.0016884943470358849
xgb_borderline_smote,notes_emb_150,0.0010867960518226027
xgb_borderline_smote,notes_emb_151,0.0013117208145558834
xgb_borderline_smote,notes_emb_152,0.0028286364395171404
xgb_borderline_smote,notes_emb_153,0.0013556713238358498
xgb_borderline_smote,notes_emb_154,0.0037256444338709116
xgb_borderline_smote,notes_emb_155,0.006777477450668812
xgb_borderline_smote,notes_emb_156,0.0014168763300403953
xgb_borderline_smote,notes_emb_157,0.004877245053648949
xgb_borderline_smote,notes_emb_158,0.00020141694403719157
xgb_borderline_smote,notes_emb_159,0.0016052722930908203
xgb_borderline_smote,notes_emb_160,0.0007799693266861141
xgb_borderline_smote,notes_emb_161,0.0015223344089463353
xgb_borderline_smote,notes_emb_162,0.003659768495708704
xgb_borderline_smote,notes_emb_163,0.005428364034742117
xgb_borderline_smote,notes_emb_164,0.0012141978368163109
xgb_borderline_smote,notes_emb_165,0.002645149128511548
xgb_borderline_smote,notes_emb_166,0.00019303118460811675
xgb_borderline_smote,notes_emb_167,0.001967046642675996
xgb_borderline_smote,notes_emb_168,0.0008076773374341428
xgb_borderline_smote,notes_emb_169,0.0009643923258408904
xgb_borderline_smote,notes_emb_170,0.0017990033375099301
xgb_borderline_smote,notes_emb_171,0.0025550960563123226
xgb_borderline_smote,notes_emb_172,0.002252361737191677
xgb_borderline_smote,notes_emb_173,0.0009313244954682887
xgb_borderline_smote,notes_emb_174,0.003590225474908948
xgb_borderline_smote,notes_emb_175,0.00213728379458189
xgb_borderline_smote,notes_emb_176,0.0008277299930341542
xgb_borderline_smote,notes_emb_177,0.002891737734898925
xgb_borderline_smote,notes_emb_178,0.0009118971647694707
xgb_borderline_smote,notes_emb_179,0.0021008700132369995
xgb_borderline_smote,notes_emb_180,0.0014635383849963546
xgb_borderline_smote,notes_emb_181,0.0015948038781061769
xgb_borderline_smote,notes_emb_182,0.0038751622196286917
xgb_borderline_smote,notes_emb_183,0.0015673990128561854
xgb_borderline_smote,notes_emb_184,0.0011408667778596282
xgb_borderline_smote,notes_emb_185,0.0012482175370678306
xgb_borderline_smote,notes_emb_186,0.0005044243298470974
xgb_borderline_smote,notes_emb_187,0.0014780985657125711
xgb_borderline_smote,notes_emb_188,0.0009177400497719646
xgb_borderline_smote,notes_emb_189,0.003389169694855809
xgb_borderline_smote,notes_emb_190,0.0013659741962328553
xgb_borderline_smote,notes_emb_191,0.001769508351571858
xgb_borderline_smote,notes_emb_192,0.00028355870745144784
xgb_borderline_smote,notes_emb_193,0.002078879624605179
xgb_borderline_smote,notes_emb_194,0.00034431449603289366
xgb_borderline_smote,notes_emb_195,0.001998009392991662
xgb_borderline_smote,notes_emb_196,0.0015133183915168047
xgb_borderline_smote,notes_emb_197,0.0004175888607278466
xgb_borderline_smote,notes_emb_198,0.001737773884087801
xgb_borderline_smote,notes_emb_199,0.0030338189098984003
xgb_borderline_smote,notes_emb_200,0.0010189586319029331
xgb_borderline_smote,notes_emb_201,0.0009779426036402583
xgb_borderline_smote,notes_emb_202,0.0008476018556393683
xgb_borderline_smote,notes_emb_203,0.0004077659104950726
xgb_borderline_smote,notes_emb_204,0.0010107627604156733
xgb_borderline_smote,notes_emb_205,0.001759028760716319
xgb_borderline_smote,notes_emb_206,0.002453265246003866
xgb_borderline_smote,notes_emb_207,0.0021218264009803534
xgb_borderline_smote,notes_emb_208,0.000926908862311393
xgb_borderline_smote,notes_emb_209,6.26367109362036e-05
xgb_borderline_smote,notes_emb_210,0.0012850499479100108
xgb_borderline_smote,notes_emb_211,0.0016673661302775145
xgb_borderline_smote,notes_emb_212,0.005003045778721571
xgb_borderline_smote,notes_emb_213,0.0017835012404248118
xgb_borderline_smote,notes_emb_214,0.0019896654412150383
xgb_borderline_smote,notes_emb_215,0.0012479135766625404
xgb_borderline_smote,notes_emb_216,0.00131304282695055
xgb_borderline_smote,notes_emb_217,0.0011850072769448161
xgb_borderline_smote,notes_emb_218,0.0009659556089900434
xgb_borderline_smote,notes_emb_219,0.004731832072138786
xgb_borderline_smote,notes_emb_220,0.0012010203208774328
xgb_borderline_smote,notes_emb_221,0.005140404682606459
xgb_borderline_smote,notes_emb_222,0.0032647838816046715
xgb_borderline_smote,notes_emb_223,0.00547264376655221
xgb_borderline_smote,notes_emb_224,0.0017010566079989076
xgb_borderline_smote,notes_emb_225,0.01015771459788084
xgb_borderline_smote,notes_emb_226,0.0016512316651642323
xgb_borderline_smote,notes_emb_227,0.0009107535006478429
xgb_borderline_smote,notes_emb_228,0.001072390004992485
xgb_borderline_smote,notes_emb_229,0.008034178987145424
xgb_borderline_smote,notes_emb_230,0.002010200871154666
xgb_borderline_smote,notes_emb_231,0.0036517702974379063
xgb_borderline_smote,notes_emb_232,0.0010416599689051509
xgb_borderline_smote,notes_emb_233,0.0009809945477172732
xgb_borderline_smote,notes_emb_234,0.0023379623889923096
xgb_borderline_smote,notes_emb_235,0.0023554449435323477
xgb_borderline_smote,notes_emb_236,0.0027727894484996796
xgb_borderline_smote,notes_emb_237,0.001988966716453433
xgb_borderline_smote,notes_emb_238,0.002841213019564748
xgb_borderline_smote,notes_emb_239,0.0006152556161396205
xgb_borderline_smote,notes_emb_240,0.0007483038934879005
xgb_borderline_smote,notes_emb_241,0.0012031483929604292
xgb_borderline_smote,notes_emb_242,0.0020144532900303602
xgb_borderline_smote,notes_emb_243,0.0018638287438079715
xgb_borderline_smote,notes_emb_244,0.002573323668912053
xgb_borderline_smote,notes_emb_245,0.00026124861324205995
xgb_borderline_smote,notes_emb_246,0.0012386356247588992
xgb_borderline_smote,notes_emb_247,0.0030134576372802258
xgb_borderline_smote,notes_emb_248,0.0016567966667935252
xgb_borderline_smote,notes_emb_249,0.00019376992713660002
xgb_borderline_smote,notes_emb_250,0.0026279923040419817
xgb_borderline_smote,notes_emb_251,0.004416559357196093
xgb_borderline_smote,notes_emb_252,0.0024347223807126284
xgb_borderline_smote,notes_emb_253,0.013506069779396057
xgb_borderline_smote,notes_emb_254,0.002969504566863179
xgb_borderline_smote,notes_emb_255,0.0065354215912520885
xgb_borderline_smote,notes_emb_256,0.003569188993424177
xgb_borderline_smote,notes_emb_257,0.0005143834860064089
xgb_borderline_smote,notes_emb_258,0.0024501318112015724
xgb_borderline_smote,notes_emb_259,0.0007817057194188237
xgb_borderline_smote,notes_emb_260,0.0004882806388195604
xgb_borderline_smote,notes_emb_261,0.0003589107363950461
xgb_borderline_smote,notes_emb_262,0.0015499681467190385
xgb_borderline_smote,notes_emb_263,0.005135240964591503
xgb_borderline_smote,notes_emb_264,0.0009405146702192724
xgb_borderline_smote,notes_emb_265,0.0015858684200793505
xgb_borderline_smote,notes_emb_266,0.0017070560716092587
xgb_borderline_smote,notes_emb_267,0.0070422338321805
xgb_borderline_smote,notes_emb_268,0.0012430823408067226
xgb_borderline_smote,notes_emb_269,0.0030411346815526485
xgb_borderline_smote,notes_emb_270,0.00041278026765212417
xgb_borderline_smote,notes_emb_271,0.0006553168059326708
xgb_borderline_smote,notes_emb_272,0.004081088118255138
xgb_borderline_smote,notes_emb_273,0.017524033784866333
xgb_borderline_smote,notes_emb_274,0.0006979773170314729
xgb_borderline_smote,notes_emb_275,0.0010458180913701653
xgb_borderline_smote,notes_emb_276,0.00016521009092684835
xgb_borderline_smote,notes_emb_277,0.001386671676300466
xgb_borderline_smote,notes_emb_278,0.0009444810566492379
xgb_borderline_smote,notes_emb_279,0.0025974272284656763
xgb_borderline_smote,notes_emb_280,0.0016607559518888593
xgb_borderline_smote,notes_emb_281,0.004668345674872398
xgb_borderline_smote,notes_emb_282,0.001145943533629179
xgb_borderline_smote,notes_emb_283,0.0025062665808945894
xgb_borderline_smote,notes_emb_284,0.0022900456096976995
xgb_borderline_smote,notes_emb_285,0.0011695859720930457
xgb_borderline_smote,notes_emb_286,0.001468094065785408
xgb_borderline_smote,notes_emb_287,0.0025282485876232386
xgb_borderline_smote,notes_emb_288,0.00119028112385422
xgb_borderline_smote,notes_emb_289,0.0010938288178294897
xgb_borderline_smote,notes_emb_290,0.0013764139730483294
xgb_borderline_smote,notes_emb_291,0.0028580473735928535
xgb_borderline_smote,notes_emb_292,0.0009868377819657326
xgb_borderline_smote,notes_emb_293,0.0025580197107046843
xgb_borderline_smote,notes_emb_294,0.0012256753398105502
xgb_borderline_smote,notes_emb_295,0.0007197718368843198
xgb_borderline_smote,notes_emb_296,0.0023869939614087343
xgb_borderline_smote,notes_emb_297,0.0010506517719477415
xgb_borderline_smote,notes_emb_298,0.0017805538373067975
xgb_borderline_smote,notes_emb_299,0.003871513530611992
xgb_borderline_smote,notes_emb_300,0.00108823599293828
xgb_borderline_smote,notes_emb_301,0.0010101349325850606
xgb_borderline_smote,notes_emb_302,0.003284979844465852
xgb_borderline_smote,notes_emb_303,0.0016375478589907289
xgb_borderline_smote,notes_emb_304,0.001707211951725185
xgb_borderline_smote,notes_emb_305,0.004312489181756973
xgb_borderline_smote,notes_emb_306,0.003708501113578677
xgb_borderline_smote,notes_emb_307,0.002808526623994112
xgb_borderline_smote,notes_emb_308,0.001036912202835083
xgb_borderline_smote,notes_emb_309,0.0017037034267559648
xgb_borderline_smote,notes_emb_310,0.0028700155671685934
xgb_borderline_smote,notes_emb_311,0.0028005987405776978
xgb_borderline_smote,notes_emb_312,0.001426012604497373
xgb_borderline_smote,notes_emb_313,0.002675440860912204
xgb_borderline_smote,notes_emb_314,0.0004942633677273989
xgb_borderline_smote,notes_emb_315,0.0010258536785840988
xgb_borderline_smote,notes_emb_316,0.0011120418785139918
xgb_borderline_smote,notes_emb_317,0.0019262454006820917
xgb_borderline_smote,notes_emb_318,0.000614493852481246
xgb_borderline_smote,notes_emb_319,0.0063341050408780575
xgb_borderline_smote,notes_emb_320,0.0005906937876716256
xgb_borderline_smote,notes_emb_321,0.001780590508133173
xgb_borderline_smote,notes_emb_322,0.0016899209003895521
xgb_borderline_smote,notes_emb_323,0.0008771712891757488
xgb_borderline_smote,notes_emb_324,0.0003764959692489356
xgb_borderline_smote,notes_emb_325,0.004534018225967884
xgb_borderline_smote,notes_emb_326,0.0012023027520626783
xgb_borderline_smote,notes_emb_327,0.0018243289086967707
xgb_borderline_smote,notes_emb_328,0.00634205574169755
xgb_borderline_smote,notes_emb_329,0.001789418631233275
xgb_borderline_smote,notes_emb_330,0.010051948949694633
xgb_borderline_smote,notes_emb_331,0.0036152673419564962
xgb_borderline_smote,notes_emb_332,0.002136587630957365
xgb_borderline_smote,notes_emb_333,0.0027220628689974546
xgb_borderline_smote,notes_emb_334,0.00117360835429281
xgb_borderline_smote,notes_emb_335,0.0020089608151465654
xgb_borderline_smote,notes_emb_336,0.00058348523452878
xgb_borderline_smote,notes_emb_337,0.002024862915277481
xgb_borderline_smote,notes_emb_338,0.0016768763307482004
xgb_borderline_smote,notes_emb_339,0.0022662521805614233
xgb_borderline_smote,notes_emb_340,0.0003924007760360837
xgb_borderline_smote,notes_emb_341,0.0009072941611520946
xgb_borderline_smote,notes_emb_342,0.0004112092428840697
xgb_borderline_smote,notes_emb_343,0.00296073779463768
xgb_borderline_smote,notes_emb_344,0.0025438338052481413
xgb_borderline_smote,notes_emb_345,0.002004821551963687
xgb_borderline_smote,notes_emb_346,0.0005079744150862098
xgb_borderline_smote,notes_emb_347,0.0018808241002261639
xgb_borderline_smote,notes_emb_348,0.0026968892198055983
xgb_borderline_smote,notes_emb_349,0.0033340207301080227
xgb_borderline_smote,notes_emb_350,0.0017034070333465934
xgb_borderline_smote,notes_emb_351,0.0002332445583306253
xgb_borderline_smote,notes_emb_352,0.0008271013502962887
xgb_borderline_smote,notes_emb_353,0.0010228444589301944
xgb_borderline_smote,notes_emb_354,0.004011466167867184
xgb_borderline_smote,notes_emb_355,0.0026808753609657288
xgb_borderline_smote,notes_emb_356,0.0010041077621281147
xgb_borderline_smote,notes_emb_357,0.003185161156579852
xgb_borderline_smote,notes_emb_358,0.004883491899818182
xgb_borderline_smote,notes_emb_359,0.0015559977618977427
xgb_borderline_smote,notes_emb_360,0.0009672983433119953
xgb_borderline_smote,notes_emb_361,0.000636530457995832
xgb_borderline_smote,notes_emb_362,0.003057797672227025
xgb_borderline_smote,notes_emb_363,0.0008998955599963665
xgb_borderline_smote,notes_emb_364,0.015941662713885307
xgb_borderline_smote,notes_emb_365,0.014796292409300804
xgb_borderline_smote,notes_emb_366,0.000995381036773324
xgb_borderline_smote,notes_emb_367,0.0015198934124782681
xgb_borderline_smote,notes_emb_368,0.0020346271339803934
xgb_borderline_smote,notes_emb_369,0.0012757375370711088
xgb_borderline_smote,notes_emb_370,0.0005648625665344298
xgb_borderline_smote,notes_emb_371,0.0010593418264761567
xgb_borderline_smote,notes_emb_372,0.0024604182690382004
xgb_borderline_smote,notes_emb_373,0.0036875882651656866
xgb_borderline_smote,notes_emb_374,0.0006393677904270589
xgb_borderline_smote,notes_emb_375,0.002875466598197818
xgb_borderline_smote,notes_emb_376,0.0026277508586645126
xgb_borderline_smote,notes_emb_377,0.005182334687560797
xgb_borderline_smote,notes_emb_378,0.002276122337207198
xgb_borderline_smote,notes_emb_379,0.002312841359525919
xgb_borderline_smote,notes_emb_380,0.000994138652458787
xgb_borderline_smote,notes_emb_381,0.0018533067777752876
xgb_borderline_smote,notes_emb_382,0.0009241371299140155
xgb_borderline_smote,notes_emb_383,0.0006580331246368587
xgb_svm_smote,civilian_targeting,0.027949314564466476
xgb_svm_smote,fatalities,0.04396513104438782
xgb_svm_smote,violence_against_women,0.0
xgb_svm_smote,sub_event_type_Abduction/forced disappearance,0.0052942438051104546
xgb_svm_smote,sub_event_type_Air/drone strike,0.0
xgb_svm_smote,sub_event_type_Armed clash,0.024664632976055145
xgb_svm_smote,sub_event_type_Attack,0.004823731258511543
xgb_svm_smote,sub_event_type_Government regains territory,0.0
xgb_svm_smote,sub_event_type_Grenade,0.0
xgb_svm_smote,sub_event_type_Non-state actor overtakes territory,0.007375253830105066
xgb_svm_smote,sub_event_type_Remote explosive/landmine/IED,0.02014901675283909
xgb_svm_smote,sub_event_type_Sexual violence,0.0
xgb_svm_smote,sub_event_type_Shelling/artillery/missile attack,0.009465498849749565
xgb_svm_smote,sub_event_type_Suicide bomb,0.015592841431498528
xgb_svm_smote,notes_emb_0,0.0013294147793203592
xgb_svm_smote,notes_emb_1,0.0009326874278485775
xgb_svm_smote,notes_emb_2,0.005201610270887613
xgb_svm_smote,notes_emb_3,0.003951963037252426
xgb_svm_smote,notes_emb_4,0.0012781022815033793
xgb_svm_smote,notes_emb_5,0.0011260536266490817
xgb_svm_smote,notes_emb_6,0.0023321176413446665
xgb_svm_smote,notes_emb_7,0.0014451735187321901
xgb_svm_smote,notes_emb_8,0.002636919030919671
xgb_svm_smote,notes_emb_9,0.0007143768016248941
xgb_svm_smote,notes_emb_10,0.0005609192885458469
xgb_svm_smote,notes_emb_11,0.0003660152724478394
xgb_svm_smote,notes_emb_12,0.0012039311695843935
xgb_svm_smote,notes_emb_13,0.0002891061594709754
xgb_svm_smote,notes_emb_14,0.0015191736165434122
xgb_svm_smote,notes_emb_15,0.0025110815186053514
xgb_svm_smote,notes_emb_16,0.001950658275745809
xgb_svm_smote,notes_emb_17,0.0024243751540780067
xgb_svm_smote,notes_emb_18,0.0012786011211574078
xgb_svm_smote,notes_emb_19,0.0007387151708826423
xgb_svm_smote,notes_emb_20,0.0033489586785435677
xgb_svm_smote,notes_emb_21,0.0021612029522657394
xgb_svm_smote,notes_emb_22,0.000516363128554076
xgb_svm_smote,notes_emb_23,0.002118276432156563
xgb_svm_smote,notes_emb_24,0.0024794256314635277
xgb_svm_smote,notes_emb_25,0.0014572895597666502
xgb_svm_smote,notes_emb_26,0.0014472058974206448
xgb_svm_smote,notes_emb_27,0.0017580193234607577
xgb_svm_smote,notes_emb_28,0.0023214041721075773
xgb_svm_smote,notes_emb_29,0.002279164968058467
xgb_svm_smote,notes_emb_30,0.00036686522071249783
xgb_svm_smote,notes_emb_31,0.0015821707202121615
xgb_svm_smote,notes_emb_32,0.0021721869707107544
xgb_svm_smote,notes_emb_33,0.0027528086211532354
xgb_svm_smote,notes_emb_34,0.0007279457640834153
xgb_svm_smote,notes_emb_35,0.0036360938102006912
xgb_svm_smote,notes_emb_36,0.009310449473559856
xgb_svm_smote,notes_emb_37,0.0017173404339700937
xgb_svm_smote,notes_emb_38,0.001450558309443295
xgb_svm_smote,notes_emb_39,0.0010781530290842056
xgb_svm_smote,notes_emb_40,0.0025794063694775105
xgb_svm_smote,notes_emb_41,0.004185406491160393
xgb_svm_smote,notes_emb_42,0.004580834414809942
xgb_svm_smote,notes_emb_43,0.00164687295909971
xgb_svm_smote,notes_emb_44,0.014779199846088886
xgb_svm_smote,notes_emb_45,0.0010476972674950957
xgb_svm_smote,notes_emb_46,0.002859377535060048
xgb_svm_smote,notes_emb_47,0.0006224093958735466
xgb_svm_smote,notes_emb_48,0.0006881699664518237
xgb_svm_smote,notes_emb_49,0.0005363792879506946
xgb_svm_smote,notes_emb_50,0.0010313810780644417
xgb_svm_smote,notes_emb_51,0.0028471415862441063
xgb_svm_smote,notes_emb_52,0.0020284238271415234
xgb_svm_smote,notes_emb_53,0.0016557566123083234
xgb_svm_smote,notes_emb_54,0.002088298788294196
xgb_svm_smote,notes_emb_55,0.00019034979050047696
xgb_svm_smote,notes_emb_56,0.0017126161837950349
xgb_svm_smote,notes_emb_57,0.001017100177705288
xgb_svm_smote,notes_emb_58,0.00047207550960592926
xgb_svm_smote,notes_emb_59,0.0015752215404063463
xgb_svm_smote,notes_emb_60,0.001257130061276257
xgb_svm_smote,notes_emb_61,0.0010904555674642324
xgb_svm_smote,notes_emb_62,0.0016061868518590927
xgb_svm_smote,notes_emb_63,0.001237940858118236
xgb_svm_smote,notes_emb_64,0.001540450961329043
xgb_svm_smote,notes_emb_65,0.010605967603623867
xgb_svm_smote,notes_emb_66,0.0022101597860455513
xgb_svm_smote,notes_emb_67,0.003492133691906929
xgb_svm_smote,notes_emb_68,0.00205403845757246
xgb_svm_smote,notes_emb_69,0.004576463717967272
xgb_svm_smote,notes_emb_70,0.0013345623156055808
xgb_svm_smote,notes_emb_71,0.004852575715631247
xgb_svm_smote,notes_emb_72,0.013123401440680027
xgb_svm_smote,notes_emb_73,0.0010133342584595084
xgb_svm_smote,notes_emb_74,0.001633849460631609
xgb_svm_smote,notes_emb_75,0.0009773185010999441
xgb_svm_smote,notes_emb_76,0.0018158589955419302
xgb_svm_smote,notes_emb_77,0.001901094103232026
xgb_svm_smote,notes_emb_78,0.0010593881597742438
xgb_svm_smote,notes_emb_79,0.0017952595371752977
xgb_svm_smote,notes_emb_80,0.0046226768754422665
xgb_svm_smote,notes_emb_81,0.0018316754139959812
xgb_svm_smote,notes_emb_82,0.0024059161078184843
xgb_svm_smote,notes_emb_83,0.0031323290895670652
xgb_svm_smote,notes_emb_84,0.00124293880071491
xgb_svm_smote,notes_emb_85,0.00033766086562536657
xgb_svm_smote,notes_emb_86,0.0013038617325946689
xgb_svm_smote,notes_emb_87,0.0021373808849602938
xgb_svm_smote,notes_emb_88,0.0015322783729061484
xgb_svm_smote,notes_emb_89,0.001895643537864089
xgb_svm_smote,notes_emb_90,0.0009550388786010444
xgb_svm_smote,notes_emb_91,0.0020008182618767023
xgb_svm_smote,notes_emb_92,0.0017671800451353192
xgb_svm_smote,notes_emb_93,0.001597146620042622
xgb_svm_smote,notes_emb_94,0.002130422042682767
xgb_svm_smote,notes_emb_95,0.0026398245245218277
xgb_svm_smote,notes_emb_96,0.0016724781598895788
xgb_svm_smote,notes_emb_97,0.002876515733078122
xgb_svm_smote,notes_emb_98,0.002445019083097577
xgb_svm_smote,notes_emb_99,0.0006037874845787883
xgb_svm_smote,notes_emb_100,0.003259223885834217
xgb_svm_smote,notes_emb_101,0.030695609748363495
xgb_svm_smote,notes_emb_102,0.001963826362043619
xgb_svm_smote,notes_emb_103,0.0010863665957003832
xgb_svm_smote,notes_emb_104,0.0006900916923768818
xgb_svm_smote,notes_emb_105,0.0007078950293362141
xgb_svm_smote,notes_emb_106,0.0004924262757413089
xgb_svm_smote,notes_emb_107,0.0032928595319390297
xgb_svm_smote,notes_emb_108,0.0018132294062525034
xgb_svm_smote,notes_emb_109,0.00111532979644835
xgb_svm_smote,notes_emb_110,0.0009388782200403512
xgb_svm_smote,notes_emb_111,0.000560726854018867
xgb_svm_smote,notes_emb_112,0.0025016283616423607
xgb_svm_smote,notes_emb_113,0.0018307638820260763
xgb_svm_smote,notes_emb_114,0.0023927283473312855
xgb_svm_smote,notes_emb_115,0.0016949231503531337
xgb_svm_smote,notes_emb_116,0.001518678036518395
xgb_svm_smote,notes_emb_117,0.0009072121465578675
xgb_svm_smote,notes_emb_118,0.0014614390674978495
xgb_svm_smote,notes_emb_119,0.0022793335374444723
xgb_svm_smote,notes_emb_120,0.0012980405008420348
xgb_svm_smote,notes_emb_121,0.0014411523006856441
xgb_svm_smote,notes_emb_122,0.0018063921015709639
xgb_svm_smote,notes_emb_123,0.0017942693084478378
xgb_svm_smote,notes_emb_124,0.002066042274236679
xgb_svm_smote,notes_emb_125,0.0007036804454401135
xgb_svm_smote,notes_emb_126,0.0024563465267419815
xgb_svm_smote,notes_emb_127,0.005217776633799076
xgb_svm_smote,notes_emb_128,0.002819814719259739
xgb_svm_smote,notes_emb_129,0.0023118946701288223
xgb_svm_smote,notes_emb_130,0.0006763142882846296
xgb_svm_smote,notes_emb_131,0.0026631769724190235
xgb_svm_smote,notes_emb_132,0.003197703044861555
xgb_svm_smote,notes_emb_133,0.002309875562787056
xgb_svm_smote,notes_emb_134,0.0014397524064406753
xgb_svm_smote,notes_emb_135,0.0023878964129835367
xgb_svm_smote,notes_emb_136,0.0005489611648954451
xgb_svm_smote,notes_emb_137,0.0009867873741313815
xgb_svm_smote,notes_emb_138,0.002491197781637311
xgb_svm_smote,notes_emb_139,0.003341400297358632
xgb_svm_smote,notes_emb_140,0.0014229268999770284
xgb_svm_smote,notes_emb_141,0.0020571905188262463
xgb_svm_smote,notes_emb_142,0.00510281790047884
xgb_svm_smote,notes_emb_143,0.0022212991025298834
xgb_svm_smote,notes_emb_144,0.0025261077098548412
xgb_svm_smote,notes_emb_145,0.0004195187648292631
xgb_svm_smote,notes_emb_146,0.0019174865446984768
xgb_svm_smote,notes_emb_147,0.001025347737595439
xgb_svm_smote,notes_emb_148,0.0004530177975539118
xgb_svm_smote,notes_emb_149,0.0008529330370947719
xgb_svm_smote,notes_emb_150,0.0014921019319444895
xgb_svm_smote,notes_emb_151,0.001527938642539084
xgb_svm_smote,notes_emb_152,0.00044118682853877544
xgb_svm_smote,notes_emb_153,0.003235360374674201
xgb_svm_smote,notes_emb_154,0.002958224853500724
xgb_svm_smote,notes_emb_155,0.003536701900884509
xgb_svm_smote,notes_emb_156,0.0017748437821865082
xgb_svm_smote,notes_emb_157,0.008066395297646523
xgb_svm_smote,notes_emb_158,0.0008490917389281094
xgb_svm_smote,notes_emb_159,0.0014048446901142597
xgb_svm_smote,notes_emb_160,0.0004017444443888962
xgb_svm_smote,notes_emb_161,0.0005599661963060498
xgb_svm_smote,notes_emb_162,0.003875034162774682
xgb_svm_smote,notes_emb_163,0.005814797710627317
xgb_svm_smote,notes_emb_164,0.0024465664755553007
xgb_svm_smote,notes_emb_165,0.004453549161553383
xgb_svm_smote,notes_emb_166,0.0013222700217738748
xgb_svm_smote,notes_emb_167,0.0023545853327959776
xgb_svm_smote,notes_emb_168,0.0017659965669736266
xgb_svm_smote,notes_emb_169,0.003577549010515213
xgb_svm_smote,notes_emb_170,0.000678704702295363
xgb_svm_smote,notes_emb_171,0.0005484609864652157
xgb_svm_smote,notes_emb_172,0.0021355224307626486
xgb_svm_smote,notes_emb_173,0.00041326493374072015
xgb_svm_smote,notes_emb_174,0.0032138447277247906
xgb_svm_smote,notes_emb_175,0.0020751855336129665
xgb_svm_smote,notes_emb_176,0.0011965569574385881
xgb_svm_smote,notes_emb_177,0.0009766919538378716
xgb_svm_smote,notes_emb_178,0.0014955024234950542
xgb_svm_smote,notes_emb_179,0.0021954316180199385
xgb_svm_smote,notes_emb_180,0.0007276216638274491
xgb_svm_smote,notes_emb_181,0.001358858309686184
xgb_svm_smote,notes_emb_182,0.0020551099441945553
xgb_svm_smote,notes_emb_183,0.0024215432349592447
xgb_svm_smote,notes_emb_184,0.0014525488950312138
xgb_svm_smote,notes_emb_185,0.0011680610477924347
xgb_svm_smote,notes_emb_186,0.0026958088856190443
xgb_svm_smote,notes_emb_187,0.0013757249107584357
xgb_svm_smote,notes_emb_188,0.00138180423527956
xgb_svm_smote,notes_emb_189,0.003757165977731347
xgb_svm_smote,notes_emb_190,0.002052780706435442
xgb_svm_smote,notes_emb_191,0.002945473650470376
xgb_svm_smote,notes_emb_192,0.007467892020940781
xgb_svm_smote,notes_emb_193,0.0010081877699121833
xgb_svm_smote,notes_emb_194,0.000856650760397315
xgb_svm_smote,notes_emb_195,0.0010263959411531687
xgb_svm_smote,notes_emb_196,0.004257449880242348
xgb_svm_smote,notes_emb_197,0.0008217044523917139
xgb_svm_smote,notes_emb_198,0.0019343614112585783
xgb_svm_smote,notes_emb_199,0.0010123986285179853
xgb_svm_smote,notes_emb_200,0.0007683259900659323
xgb_svm_smote,notes_emb_201,0.0026108005549758673
xgb_svm_smote,notes_emb_202,0.0012965028872713447
xgb_svm_smote,notes_emb_203,0.0009033262031152844
xgb_svm_smote,notes_emb_204,0.0019691097550094128
xgb_svm_smote,notes_emb_205,0.0013886837987229228
xgb_svm_smote,notes_emb_206,0.002768267411738634
xgb_svm_smote,notes_emb_207,0.002520783804357052
xgb_svm_smote,notes_emb_208,0.0016656476072967052
xgb_svm_smote,notes_emb_209,0.0003157739120069891
xgb_svm_smote,notes_emb_210,0.00015239599451888353
xgb_svm_smote,notes_emb_211,0.0009279155638068914
xgb_svm_smote,notes_emb_212,0.004184969700872898
xgb_svm_smote,notes_emb_213,0.0013316372642293572
xgb_svm_smote,notes_emb_214,0.0015332731418311596
xgb_svm_smote,notes_emb_215,0.002937400247901678
xgb_svm_smote,notes_emb_216,0.0023484949488192797
xgb_svm_smote,notes_emb_217,0.0012648642295971513
xgb_svm_smote,notes_emb_218,0.0010294229723513126
xgb_svm_smote,notes_emb_219,0.002073733601719141
xgb_svm_smote,notes_emb_220,0.003355416702106595
xgb_svm_smote,notes_emb_221,0.003691333346068859
xgb_svm_smote,notes_emb_222,0.0013417152222245932
xgb_svm_smote,notes_emb_223,0.0008038996602408588
xgb_svm_smote,notes_emb_224,0.0021958251018077135
xgb_svm_smote,notes_emb_225,0.010598915629088879
xgb_svm_smote,notes_emb_226,0.0011247380170971155
xgb_svm_smote,notes_emb_227,0.00048241764307022095
xgb_svm_smote,notes_emb_228,0.0016800012672320008
xgb_svm_smote,notes_emb_229,0.006146878935396671
xgb_svm_smote,notes_emb_230,0.0007318060961551964
xgb_svm_smote,notes_emb_231,0.0009779272368177772
xgb_svm_smote,notes_emb_232,0.0008474893984384835
xgb_svm_smote,notes_emb_233,0.0005409987643361092
xgb_svm_smote,notes_emb_234,0.0015723600517958403
xgb_svm_smote,notes_emb_235,0.0016325957840308547
xgb_svm_smote,notes_emb_236,0.0015357619849964976
xgb_svm_smote,notes_emb_237,0.004167537670582533
xgb_svm_smote,notes_emb_238,0.0045027052983641624
xgb_svm_smote,notes_emb_239,0.0020196717232465744
xgb_svm_smote,notes_emb_240,0.0006628201808780432
xgb_svm_smote,notes_emb_241,0.0013522672234103084
xgb_svm_smote,notes_emb_242,0.0013160447124391794
xgb_svm_smote,notes_emb_243,0.0011770084965974092
xgb_svm_smote,notes_emb_244,0.002483309945091605
xgb_svm_smote,notes_emb_245,0.0010298561537638307
xgb_svm_smote,notes_emb_246,0.0007000701734796166
xgb_svm_smote,notes_emb_247,0.004308588337153196
xgb_svm_smote,notes_emb_248,0.0009087685029953718
xgb_svm_smote,notes_emb_249,0.0025582772213965654
xgb_svm_smote,notes_emb_250,0.00048157444689422846
xgb_svm_smote,notes_emb_251,0.0015541536267846823
xgb_svm_smote,notes_emb_252,0.002190707018598914
xgb_svm_smote,notes_emb_253,0.010408731177449226
xgb_svm_smote,notes_emb_254,0.0014076236402615905
xgb_svm_smote,notes_emb_255,0.0038250985089689493
xgb_svm_smote,notes_emb_256,0.004025494214147329
xgb_svm_smote,notes_emb_257,0.0003041656455025077
xgb_svm_smote,notes_emb_258,0.0008161832229234278
xgb_svm_smote,notes_emb_259,0.0006018845597282052
xgb_svm_smote,notes_emb_260,0.0023602985311299562
xgb_svm_smote,notes_emb_261,0.0020093293860554695
xgb_svm_smote,notes_emb_262,0.0008148680790327489
xgb_svm_smote,notes_emb_263,0.0018952350364997983
xgb_svm_smote,notes_emb_264,0.0008179166470654309
xgb_svm_smote,notes_emb_265,0.001151291886344552
xgb_svm_smote,notes_emb_266,0.0036998691502958536
xgb_svm_smote,notes_emb_267,0.005832158960402012
xgb_svm_smote,notes_emb_268,0.0012942118337377906
xgb_svm_smote,notes_emb_269,0.005152329336851835
xgb_svm_smote,notes_emb_270,0.0005376376211643219
xgb_svm_smote,notes_emb_271,0.0011847186833620071
xgb_svm_smote,notes_emb_272,0.004798120819032192
xgb_svm_smote,notes_emb_273,0.011128213256597519
xgb_svm_smote,notes_emb_274,0.0005225636414252222
xgb_svm_smote,notes_emb_275,0.0021786626894026995
xgb_svm_smote,notes_emb_276,0.0010032167192548513
xgb_svm_smote,notes_emb_277,0.0015784086426720023
xgb_svm_smote,notes_emb_278,0.0010156299686059356
xgb_svm_smote,notes_emb_279,0.003538692370057106
xgb_svm_smote,notes_emb_280,0.0010189360473304987
xgb_svm_smote,notes_emb_281,0.0010056968312710524
xgb_svm_smote,notes_emb_282,0.0011918641394004226
xgb_svm_smote,notes_emb_283,0.0008313865982927382
xgb_svm_smote,notes_emb_284,0.0012088729999959469
xgb_svm_smote,notes_emb_285,0.0012996960431337357
xgb_svm_smote,notes_emb_286,0.004275631625205278
xgb_svm_smote,notes_emb_287,0.003001204924657941
xgb_svm_smote,notes_emb_288,0.0017181338043883443
xgb_svm_smote,notes_emb_289,0.0010807951912283897
xgb_svm_smote,notes_emb_290,0.0027130276430398226
xgb_svm_smote,notes_emb_291,0.002537967637181282
xgb_svm_smote,notes_emb_292,0.0032001568470150232
xgb_svm_smote,notes_emb_293,0.001340600661933422
xgb_svm_smote,notes_emb_294,0.0021856524981558323
xgb_svm_smote,notes_emb_295,0.00018401784473098814
xgb_svm_smote,notes_emb_296,0.0016115595353767276
xgb_svm_smote,notes_emb_297,0.0010978496866300702
xgb_svm_smote,notes_emb_298,0.0013952503213658929
xgb_svm_smote,notes_emb_299,0.001245210412889719
xgb_svm_smote,notes_emb_300,0.0008727235835976899
xgb_svm_smote,notes_emb_301,0.0007233764044940472
xgb_svm_smote,notes_emb_302,0.002439563162624836
xgb_svm_smote,notes_emb_303,0.0018215714953839779
xgb_svm_smote,notes_emb_304,0.0002740074705798179
xgb_svm_smote,notes_emb_305,0.0009817853569984436
xgb_svm_smote,notes_emb_306,0.00255213282071054
xgb_svm_smote,notes_emb_307,0.0011920651886612177
xgb_svm_smote,notes_emb_308,0.0017314150463789701
xgb_svm_smote,notes_emb_309,0.0013776555424556136
xgb_svm_smote,notes_emb_310,0.002267592353746295
xgb_svm_smote,notes_emb_311,0.002245323732495308
xgb_svm_smote,notes_emb_312,0.004086093977093697
xgb_svm_smote,notes_emb_313,0.0024645898956805468
xgb_svm_smote,notes_emb_314,0.0009185887174680829
xgb_svm_smote,notes_emb_315,0.0009623642545193434
xgb_svm_smote,notes_emb_316,0.0008589152130298316
xgb_svm_smote,notes_emb_317,0.0009373111533932388
xgb_svm_smote,notes_emb_318,0.0009242324740625918
xgb_svm_smote,notes_emb_319,0.009193086996674538
xgb_svm_smote,notes_emb_320,0.003655449952930212
xgb_svm_smote,notes_emb_321,0.001175034325569868
xgb_svm_smote,notes_emb_322,0.002019989537075162
xgb_svm_smote,notes_emb_323,0.00029425491811707616
xgb_svm_smote,notes_emb_324,0.0010638540843501687
xgb_svm_smote,notes_emb_325,0.004060875158756971
xgb_svm_smote,notes_emb_326,0.0010347133502364159
xgb_svm_smote,notes_emb_327,0.0030454581137746572
xgb_svm_smote,notes_emb_328,0.004925049841403961
xgb_svm_smote,notes_emb_329,0.001695913728326559
xgb_svm_smote,notes_emb_330,0.002153538167476654
xgb_svm_smote,notes_emb_331,0.0014440574450418353
xgb_svm_smote,notes_emb_332,0.00038702055462636054
xgb_svm_smote,notes_emb_333,0.0017331669805571437
xgb_svm_smote,notes_emb_334,0.0016979723004624248
xgb_svm_smote,notes_emb_335,0.00038751226384192705
xgb_svm_smote,notes_emb_336,0.0005082512507215142
xgb_svm_smote,notes_emb_337,0.0008893263293430209
xgb_svm_smote,notes_emb_338,0.0016433731652796268
xgb_svm_smote,notes_emb_339,0.00299862795509398
xgb_svm_smote,notes_emb_340,0.0015346838627010584
xgb_svm_smote,notes_emb_341,0.0003928007499780506
xgb_svm_smote,notes_emb_342,0.0002164837351301685
xgb_svm_smote,notes_emb_343,0.00342564401216805
xgb_svm_smote,notes_emb_344,0.002339504426345229
xgb_svm_smote,notes_emb_345,0.004371363203972578
xgb_svm_smote,notes_emb_346,0.0014577830443158746
xgb_svm_smote,notes_emb_347,0.004377481993287802
xgb_svm_smote,notes_emb_348,0.003857106901705265
xgb_svm_smote,notes_emb_349,0.008164409548044205
xgb_svm_smote,notes_emb_350,0.0015082891331985593
xgb_svm_smote,notes_emb_351,0.001532881404273212
xgb_svm_smote,notes_emb_352,0.00287895230576396
xgb_svm_smote,notes_emb_353,0.0010505745885893703
xgb_svm_smote,notes_emb_354,0.00104067986831069
xgb_svm_smote,notes_emb_355,0.0022442301269620657
xgb_svm_smote,notes_emb_356,0.004871315788477659
xgb_svm_smote,notes_emb_357,0.001000352669507265
xgb_svm_smote,notes_emb_358,0.0018870176281780005
xgb_svm_smote,notes_emb_359,0.00043776672100648284
xgb_svm_smote,notes_emb_360,0.0002769412531051785
xgb_svm_smote,notes_emb_361,0.0010589706944301724
xgb_svm_smote,notes_emb_362,0.0014872619649395347
xgb_svm_smote,notes_emb_363,0.0010886096861213446
xgb_svm_smote,notes_emb_364,0.002575698308646679
xgb_svm_smote,notes_emb_365,0.003704981878399849
xgb_svm_smote,notes_emb_366,0.0006313080666586757
xgb_svm_smote,notes_emb_367,0.0013804070185869932
xgb_svm_smote,notes_emb_368,0.0010576886124908924
xgb_svm_smote,notes_emb_369,0.001394670456647873
xgb_svm_smote,notes_emb_370,0.0012765498831868172
xgb_svm_smote,notes_emb_371,0.004069683142006397
xgb_svm_smote,notes_emb_372,0.0012406222522258759
xgb_svm_smote,notes_emb_373,0.00306487875059247
xgb_svm_smote,notes_emb_374,0.0019301420543342829
xgb_svm_smote,notes_emb_375,0.003824896179139614
xgb_svm_smote,notes_emb_376,0.0056353346444666386
xgb_svm_smote,notes_emb_377,0.0013852022821083665
xgb_svm_smote,notes_emb_378,0.0014244371559470892
xgb_svm_smote,notes_emb_379,0.001281254575587809
xgb_svm_smote,notes_emb_380,0.0017812489531934261
xgb_svm_smote,notes_emb_381,0.005716157611459494
xgb_svm_smote,notes_emb_382,0.0008867133874446154
xgb_svm_smote,notes_emb_383,0.0009577794116921723
xgb_random_oversample,civilian_targeting,0.055753193795681
xgb_random_oversample,fatalities,0.03555380925536156
xgb_random_oversample,violence_against_women,0.0
xgb_random_oversample,sub_event_type_Abduction/forced disappearance,0.0
xgb_random_oversample,sub_event_type_Air/drone strike,0.0
xgb_random_oversample,sub_event_type_Armed clash,0.011106684803962708
xgb_random_oversample,sub_event_type_Attack,0.0038114783819764853
xgb_random_oversample,sub_event_type_Government regains territory,0.0
xgb_random_oversample,sub_event_type_Grenade,0.0
xgb_random_oversample,sub_event_type_Non-state actor overtakes territory,0.0
xgb_random_oversample,sub_event_type_Remote explosive/landmine/IED,0.02062283270061016
xgb_random_oversample,sub_event_type_Sexual violence,0.0
xgb_random_oversample,sub_event_type_Shelling/artillery/missile attack,0.0049005066975951195
xgb_random_oversample,sub_event_type_Suicide bomb,0.0
xgb_random_oversample,notes_emb_0,0.0014596318360418081
xgb_random_oversample,notes_emb_1,0.0021816843654960394
xgb_random_oversample,notes_emb_2,0.0013314344687387347
xgb_random_oversample,notes_emb_3,0.003603275865316391
xgb_random_oversample,notes_emb_4,0.0016705211019143462
xgb_random_oversample,notes_emb_5,0.002584839938208461
xgb_random_oversample,notes_emb_6,0.0017769387923181057
xgb_random_oversample,notes_emb_7,0.0015392331406474113
xgb_random_oversample,notes_emb_8,0.0024533432442694902
xgb_random_oversample,notes_emb_9,0.0017032017931342125
xgb_random_oversample,notes_emb_10,0.0015056243864819407
xgb_random_oversample,notes_emb_11,0.001406996976584196
xgb_random_oversample,notes_emb_12,0.0033590977545827627
xgb_random_oversample,notes_emb_13,0.0016305875033140182
xgb_random_oversample,notes_emb_14,0.001893165404908359
xgb_random_oversample,notes_emb_15,0.0013669147156178951
xgb_random_oversample,notes_emb_16,0.0024666599929332733
xgb_random_oversample,notes_emb_17,0.0019421335309743881
xgb_random_oversample,notes_emb_18,0.002118358388543129
xgb_random_oversample,notes_emb_19,0.0013079289346933365
xgb_random_oversample,notes_emb_20,0.0016754587413743138
xgb_random_oversample,notes_emb_21,0.0039847479201853275
xgb_random_oversample,notes_emb_22,0.0013416759902611375
xgb_random_oversample,notes_emb_23,0.0029630023054778576
xgb_random_oversample,notes_emb_24,0.0014207473723217845
xgb_random_oversample,notes_emb_25,0.000656352611258626
xgb_random_oversample,notes_emb_26,0.0011879538651555777
xgb_random_oversample,notes_emb_27,0.0022188667207956314
xgb_random_oversample,notes_emb_28,0.0015781462425366044
xgb_random_oversample,notes_emb_29,0.0020925907883793116
xgb_random_oversample,notes_emb_30,0.0006211643340066075
xgb_random_oversample,notes_emb_31,0.00561720784753561
xgb_random_oversample,notes_emb_32,0.0011288594687357545
xgb_random_oversample,notes_emb_33,0.0015052325325086713
xgb_random_oversample,notes_emb_34,0.0010192458285018802
xgb_random_oversample,notes_emb_35,0.0009639035561122
xgb_random_oversample,notes_emb_36,0.0032763408962637186
xgb_random_oversample,notes_emb_37,0.002183518372476101
xgb_random_oversample,notes_emb_38,0.00324769364669919
xgb_random_oversample,notes_emb_39,0.003146081930026412
xgb_random_oversample,notes_emb_40,0.0015416302485391498
xgb_random_oversample,notes_emb_41,0.002096921904012561
xgb_random_oversample,notes_emb_42,0.00047812057891860604
xgb_random_oversample,notes_emb_43,0.001176788005977869
xgb_random_oversample,notes_emb_44,0.0025407238863408566
xgb_random_oversample,notes_emb_45,0.0012963246554136276
xgb_random_oversample,notes_emb_46,0.0030695651657879353
xgb_random_oversample,notes_emb_47,0.0009160653571598232
xgb_random_oversample,notes_emb_48,0.0025813013780862093
xgb_random_oversample,notes_emb_49,0.0007666446035727859
xgb_random_oversample,notes_emb_50,0.0013947596307843924
xgb_random_oversample,notes_emb_51,0.004195071756839752
xgb_random_oversample,notes_emb_52,0.0004929417627863586
xgb_random_oversample,notes_emb_53,0.0023745568469166756
xgb_random_oversample,notes_emb_54,0.0009161568013951182
xgb_random_oversample,notes_emb_55,0.0003392476064618677
xgb_random_oversample,notes_emb_56,0.0033223323989659548
xgb_random_oversample,notes_emb_57,0.0023772167041897774
xgb_random_oversample,notes_emb_58,0.0013330519432201982
xgb_random_oversample,notes_emb_59,0.001289445091970265
xgb_random_oversample,notes_emb_60,0.0012897695414721966
xgb_random_oversample,notes_emb_61,0.00271615176461637
xgb_random_oversample,notes_emb_62,0.0005792195443063974
xgb_random_oversample,notes_emb_63,0.0014086802257224917
xgb_random_oversample,notes_emb_64,0.001369486446492374
xgb_random_oversample,notes_emb_65,0.00527397682890296
xgb_random_oversample,notes_emb_66,0.005149850621819496
xgb_random_oversample,notes_emb_67,0.00509876012802124
xgb_random_oversample,notes_emb_68,0.005683201365172863
xgb_random_oversample,notes_emb_69,0.0019493219442665577
xgb_random_oversample,notes_emb_70,0.0018848595209419727
xgb_random_oversample,notes_emb_71,0.004782280884683132
xgb_random_oversample,notes_emb_72,0.006109773647040129
xgb_random_oversample,notes_emb_73,0.002571460558101535
xgb_random_oversample,notes_emb_74,0.002951935864984989
xgb_random_oversample,notes_emb_75,0.001324221957474947
xgb_random_oversample,notes_emb_76,0.0006937773432582617
xgb_random_oversample,notes_emb_77,0.0006774008506909013
xgb_random_oversample,notes_emb_78,0.0004494809836614877
xgb_random_oversample,notes_emb_79,0.0009401175193488598
xgb_random_oversample,notes_emb_80,0.004293334204703569
xgb_random_oversample,notes_emb_81,0.0019340122817084193
xgb_random_oversample,notes_emb_82,0.0009476491250097752
xgb_random_oversample,notes_emb_83,0.003710721153765917
xgb_random_oversample,notes_emb_84,0.0017621840815991163
xgb_random_oversample,notes_emb_85,0.0006257917266339064
xgb_random_oversample,notes_emb_86,0.004138240125030279
xgb_random_oversample,notes_emb_87,0.0027262098155915737
xgb_random_oversample,notes_emb_88,0.0008701237966306508
xgb_random_oversample,notes_emb_89,0.00169256457593292
xgb_random_oversample,notes_emb_90,0.00145387789234519
xgb_random_oversample,notes_emb_91,0.005118612200021744
xgb_random_oversample,notes_emb_92,0.0009979571914300323
xgb_random_oversample,notes_emb_93,0.002151238266378641
xgb_random_oversample,notes_emb_94,0.0004195893125142902
xgb_random_oversample,notes_emb_95,0.0031493587885051966
xgb_random_oversample,notes_emb_96,0.002044845139607787
xgb_random_oversample,notes_emb_97,0.001873886096291244
xgb_random_oversample,notes_emb_98,0.0020951677579432726
xgb_random_oversample,notes_emb_99,0.0009571313858032227
xgb_random_oversample,notes_emb_100,0.00014588786871172488
xgb_random_oversample,notes_emb_101,0.021598003804683685
xgb_random_oversample,notes_emb_102,0.0022727118339389563
xgb_random_oversample,notes_emb_103,0.0015480370493605733
xgb_random_oversample,notes_emb_104,0.0015541536267846823
xgb_random_oversample,notes_emb_105,0.00856968853622675
xgb_random_oversample,notes_emb_106,0.003314568428322673
xgb_random_oversample,notes_emb_107,0.0073236520402133465
xgb_random_oversample,notes_emb_108,0.0005625589983537793
xgb_random_oversample,notes_emb_109,0.004476835485547781
xgb_random_oversample,notes_emb_110,0.0006675182958133519
xgb_random_oversample,notes_emb_111,0.0006905218469910324
xgb_random_oversample,notes_emb_112,0.002607442904263735
xgb_random_oversample,notes_emb_113,0.004414302296936512
xgb_random_oversample,notes_emb_114,0.0017057547811418772
xgb_random_oversample,notes_emb_115,0.0012884230818599463
xgb_random_oversample,notes_emb_116,0.0021091613452881575
xgb_random_oversample,notes_emb_117,0.0016632593469694257
xgb_random_oversample,notes_emb_118,0.0012832100037485361
xgb_random_oversample,notes_emb_119,0.0020432795863598585
xgb_random_oversample,notes_emb_120,0.0010829588863998652
xgb_random_oversample,notes_emb_121,0.004011260811239481
xgb_random_oversample,notes_emb_122,0.005552887450903654
xgb_random_oversample,notes_emb_123,0.0025351739022880793
xgb_random_oversample,notes_emb_124,0.0015358795644715428
xgb_random_oversample,notes_emb_125,0.001577928545884788
xgb_random_oversample,notes_emb_126,0.0014527974417433143
xgb_random_oversample,notes_emb_127,0.0026930610183626413
xgb_random_oversample,notes_emb_128,0.0025504378136247396
xgb_random_oversample,notes_emb_129,0.0005930589977651834
xgb_random_oversample,notes_emb_130,0.002636953489854932
xgb_random_oversample,notes_emb_131,0.004092719405889511
xgb_random_oversample,notes_emb_132,0.0019577140919864178
xgb_random_oversample,notes_emb_133,0.001585929887369275
xgb_random_oversample,notes_emb_134,0.001959562534466386
xgb_random_oversample,notes_emb_135,0.0021905098110437393
xgb_random_oversample,notes_emb_136,0.0011437444481998682
xgb_random_oversample,notes_emb_137,0.001882882323116064
xgb_random_oversample,notes_emb_138,0.0031206950079649687
xgb_random_oversample,notes_emb_139,0.0021061717998236418
xgb_random_oversample,notes_emb_140,0.0001873106084531173
xgb_random_oversample,notes_emb_141,0.0006549053941853344
xgb_random_oversample,notes_emb_142,0.002899566665291786
xgb_random_oversample,notes_emb_143,0.001955077052116394
xgb_random_oversample,notes_emb_144,0.0026434401515871286
xgb_random_oversample,notes_emb_145,0.0017008475260809064
xgb_random_oversample,notes_emb_146,0.00237273913808167
xgb_random_oversample,notes_emb_147,0.0009900183649733663
xgb_random_oversample,notes_emb_148,0.0017300613690167665
xgb_random_oversample,notes_emb_149,0.006029397249221802
xgb_random_oversample,notes_emb_150,0.0008281932095997036
xgb_random_oversample,notes_emb_151,0.0020753147546201944
xgb_random_oversample,notes_emb_152,0.002106023719534278
xgb_random_oversample,notes_emb_153,0.0025999005883932114
xgb_random_oversample,notes_emb_154,0.0020551427733153105
xgb_random_oversample,notes_emb_155,0.0021130002569407225
xgb_random_oversample,notes_emb_156,0.002355616306886077
xgb_random_oversample,notes_emb_157,0.00733010470867157
xgb_random_oversample,notes_emb_158,0.0017027748981490731
xgb_random_oversample,notes_emb_159,0.0016383857000619173
xgb_random_oversample,notes_emb_160,0.0023558782413601875
xgb_random_oversample,notes_emb_161,0.0006529357633553445
xgb_random_oversample,notes_emb_162,0.0022065576631575823
xgb_random_oversample,notes_emb_163,0.0029567417223006487
xgb_random_oversample,notes_emb_164,0.000738808885216713
xgb_random_oversample,notes_emb_165,0.0022859834134578705
xgb_random_oversample,notes_emb_166,0.0038210293278098106
xgb_random_oversample,notes_emb_167,0.0019603457767516375
xgb_random_oversample,notes_emb_168,0.0026340153999626637
xgb_random_oversample,notes_emb_169,0.003393271705135703
xgb_random_oversample,notes_emb_170,0.0009732292965054512
xgb_random_oversample,notes_emb_171,0.0008518637623637915
xgb_random_oversample,notes_emb_172,0.001600551069714129
xgb_random_oversample,notes_emb_173,0.0020789371337741613
xgb_random_oversample,notes_emb_174,0.002571845892816782
xgb_random_oversample,notes_emb_175,0.0012662755325436592
xgb_random_oversample,notes_emb_176,0.0018362499540671706
xgb_random_oversample,notes_emb_177,0.0005899585667066276
xgb_random_oversample,notes_emb_178,0.0024334548506885767
xgb_random_oversample,notes_emb_179,0.005851037334650755
xgb_random_oversample,notes_emb_180,0.001866715494543314
xgb_random_oversample,notes_emb_181,0.0013509785057976842
xgb_random_oversample,notes_emb_182,0.001398844295181334
xgb_random_oversample,notes_emb_183,0.0022926831152290106
xgb_random_oversample,notes_emb_184,0.002660768572241068
xgb_random_oversample,notes_emb_185,0.001257822965271771
xgb_random_oversample,notes_emb_186,0.0013400870375335217
xgb_random_oversample,notes_emb_187,0.00048146260087378323
xgb_random_oversample,notes_emb_188,0.00986793078482151
xgb_random_oversample,notes_emb_189,0.0015627341344952583
xgb_random_oversample,notes_emb_190,0.0011448697187006474
xgb_random_oversample,notes_emb_191,0.0026125009171664715
xgb_random_oversample,notes_emb_192,0.002288862131536007
xgb_random_oversample,notes_emb_193,0.0010136753553524613
xgb_random_oversample,notes_emb_194,0.000625695800408721
xgb_random_oversample,notes_emb_195,0.002843105234205723
xgb_random_oversample,notes_emb_196,0.0032504587434232235
xgb_random_oversample,notes_emb_197,0.0034518542233854532
xgb_random_oversample,notes_emb_198,0.0011929887114092708
xgb_random_oversample,notes_emb_199,0.002298566745594144
xgb_random_oversample,notes_emb_200,0.001859466079622507
xgb_random_oversample,notes_emb_201,0.0014769270783290267
xgb_random_oversample,notes_emb_202,0.0017491014441475272
xgb_random_oversample,notes_emb_203,0.004200234077870846
xgb_random_oversample,notes_emb_204,0.003241421189159155
xgb_random_oversample,notes_emb_205,0.0015277364291250706
xgb_random_oversample,notes_emb_206,0.001027614576742053
xgb_random_oversample,notes_emb_207,0.002673452952876687
xgb_random_oversample,notes_emb_208,0.0013116345508024096
xgb_random_oversample,notes_emb_209,0.005351985339075327
xgb_random_oversample,notes_emb_210,0.0025874420534819365
xgb_random_oversample,notes_emb_211,0.0014478163793683052
xgb_random_oversample,notes_emb_212,0.002387976972386241
xgb_random_oversample,notes_emb_213,0.0041313255205750465
xgb_random_oversample,notes_emb_214,0.001545376842841506
xgb_random_oversample,notes_emb_215,0.00209034513682127
xgb_random_oversample,notes_emb_216,0.0017048203153535724
xgb_random_oversample,notes_emb_217,0.001699491636827588
xgb_random_oversample,notes_emb_218,0.002750538056716323
xgb_random_oversample,notes_emb_219,0.0016982072265818715
xgb_random_oversample,notes_emb_220,0.0012396654346957803
xgb_random_oversample,notes_emb_221,0.0005906553706154227
xgb_random_oversample,notes_emb_222,0.0005173279787413776
xgb_random_oversample,notes_emb_223,0.0017501020338386297
xgb_random_oversample,notes_emb_224,0.003755815327167511
xgb_random_oversample,notes_emb_225,0.012709605507552624
xgb_random_oversample,notes_emb_226,0.00026007581618614495
xgb_random_oversample,notes_emb_227,0.0009216658072546124
xgb_random_oversample,notes_emb_228,0.0021345687564462423
xgb_random_oversample,notes_emb_229,0.0012417753459885716
xgb_random_oversample,notes_emb_230,0.0004400033794809133
xgb_random_oversample,notes_emb_231,0.001975726569071412
xgb_random_oversample,notes_emb_232,0.0005366549012251198
xgb_random_oversample,notes_emb_233,0.005208809860050678
xgb_random_oversample,notes_emb_234,0.00428819190710783
xgb_random_oversample,notes_emb_235,0.002127596875652671
xgb_random_oversample,notes_emb_236,0.0016253635985776782
xgb_random_oversample,notes_emb_237,0.0005861198878847063
xgb_random_oversample,notes_emb_238,0.002222140086814761
xgb_random_oversample,notes_emb_239,0.00100276293233037
xgb_random_oversample,notes_emb_240,0.00020177719125058502
xgb_random_oversample,notes_emb_241,0.0006227400153875351
xgb_random_oversample,notes_emb_242,0.00046670492156408727
xgb_random_oversample,notes_emb_243,0.0032454452011734247
xgb_random_oversample,notes_emb_244,0.0018518957076594234
xgb_random_oversample,notes_emb_245,0.0015496558044105768
xgb_random_oversample,notes_emb_246,0.0030200749170035124
xgb_random_oversample,notes_emb_247,0.0032418332993984222
xgb_random_oversample,notes_emb_248,0.0008954355143941939
xgb_random_oversample,notes_emb_249,0.0015656877076253295
xgb_random_oversample,notes_emb_250,0.0016546485712751746
xgb_random_oversample,notes_emb_251,0.007876770570874214
xgb_random_oversample,notes_emb_252,0.0012280474184080958
xgb_random_oversample,notes_emb_253,0.0047414349392056465
xgb_random_oversample,notes_emb_254,0.0019476262386888266
xgb_random_oversample,notes_emb_255,0.011513815261423588
xgb_random_oversample,notes_emb_256,0.0024644946679472923
xgb_random_oversample,notes_emb_257,0.0003929053491447121
xgb_random_oversample,notes_emb_258,0.0010864146752282977
xgb_random_oversample,notes_emb_259,0.0011291845003142953
xgb_random_oversample,notes_emb_260,0.0030427430756390095
xgb_random_oversample,notes_emb_261,0.0006228185375221074
xgb_random_oversample,notes_emb_262,0.000822629954200238
xgb_random_oversample,notes_emb_263,0.0030325320549309254
xgb_random_oversample,notes_emb_264,0.0013570885639637709
xgb_random_oversample,notes_emb_265,0.001240102923475206
xgb_random_oversample,notes_emb_266,0.002710222266614437
xgb_random_oversample,notes_emb_267,0.006240386050194502
xgb_random_oversample,notes_emb_268,0.0019498198525980115
xgb_random_oversample,notes_emb_269,0.015363776125013828
xgb_random_oversample,notes_emb_270,0.0006307307630777359
xgb_random_oversample,notes_emb_271,0.001537288073450327
xgb_random_oversample,notes_emb_272,0.0049195135943591595
xgb_random_oversample,notes_emb_273,0.012543636374175549
xgb_random_oversample,notes_emb_274,0.0019986212719231844
xgb_random_oversample,notes_emb_275,0.0004355234850663692
xgb_random_oversample,notes_emb_276,0.0013403103221207857
xgb_random_oversample,notes_emb_277,0.004752582870423794
xgb_random_oversample,notes_emb_278,0.0003485349006950855
xgb_random_oversample,notes_emb_279,0.002837507054209709
xgb_random_oversample,notes_emb_280,0.005050478968769312
xgb_random_oversample,notes_emb_281,0.0009944201447069645
xgb_random_oversample,notes_emb_282,0.000830190081615001
xgb_random_oversample,notes_emb_283,0.0006774208741262555
xgb_random_oversample,notes_emb_284,0.0011274188291281462
xgb_random_oversample,notes_emb_285,0.001132348203100264
xgb_random_oversample,notes_emb_286,0.0026274309493601322
xgb_random_oversample,notes_emb_287,0.0029116119258105755
xgb_random_oversample,notes_emb_288,0.0021190051920711994
xgb_random_oversample,notes_emb_289,0.002273470861837268
xgb_random_oversample,notes_emb_290,0.001676086918450892
xgb_random_oversample,notes_emb_291,0.0006812147912569344
xgb_random_oversample,notes_emb_292,0.0006564211216755211
xgb_random_oversample,notes_emb_293,0.0027250503189861774
xgb_random_oversample,notes_emb_294,0.0022165831178426743
xgb_random_oversample,notes_emb_295,0.0005957770044915378
xgb_random_oversample,notes_emb_296,0.0006355713703669608
xgb_random_oversample,notes_emb_297,0.001699566375464201
xgb_random_oversample,notes_emb_298,0.004680158104747534
xgb_random_oversample,notes_emb_299,0.0006667152047157288
xgb_random_oversample,notes_emb_300,0.0007563591934740543
xgb_random_oversample,notes_emb_301,0.0005207484355196357
xgb_random_oversample,notes_emb_302,0.003133950289338827
xgb_random_oversample,notes_emb_303,0.0020109748002141714
xgb_random_oversample,notes_emb_304,0.0047106752172112465
xgb_random_oversample,notes_emb_305,0.0005319906631484628
xgb_random_oversample,notes_emb_306,0.002650829730555415
xgb_random_oversample,notes_emb_307,0.0034572056028991938
xgb_random_oversample,notes_emb_308,0.0028199213556945324
xgb_random_oversample,notes_emb_309,0.0023653171956539154
xgb_random_oversample,notes_emb_310,0.0026997695676982403
xgb_random_oversample,notes_emb_311,0.002450218889862299
xgb_random_oversample,notes_emb_312,0.0017615352990105748
xgb_random_oversample,notes_emb_313,0.0034146220423281193
xgb_random_oversample,notes_emb_314,0.0005709030665457249
xgb_random_oversample,notes_emb_315,0.0015708317514508963
xgb_random_oversample,notes_emb_316,0.0012634304584935308
xgb_random_oversample,notes_emb_317,0.0028896171133965254
xgb_random_oversample,notes_emb_318,0.002977179130539298
xgb_random_oversample,notes_emb_319,0.0005859856610186398
xgb_random_oversample,notes_emb_320,0.0007899609045125544
xgb_random_oversample,notes_emb_321,0.003497014520689845
xgb_random_oversample,notes_emb_322,0.0010293954983353615
xgb_random_oversample,notes_emb_323,0.0024135024286806583
xgb_random_oversample,notes_emb_324,0.00025493462453596294
xgb_random_oversample,notes_emb_325,0.001287240767851472
xgb_random_oversample,notes_emb_326,0.0004513629537541419
xgb_random_oversample,notes_emb_327,0.001582709955982864
xgb_random_oversample,notes_emb_328,0.001788530615158379
xgb_random_oversample,notes_emb_329,0.0018318418879061937
xgb_random_oversample,notes_emb_330,0.0018427983159199357
xgb_random_oversample,notes_emb_331,0.002029309282079339
xgb_random_oversample,notes_emb_332,0.0034413908142596483
xgb_random_oversample,notes_emb_333,0.002004619687795639
xgb_random_oversample,notes_emb_334,0.0011958961840718985
xgb_random_oversample,notes_emb_335,0.0008337225299328566
xgb_random_oversample,notes_emb_336,0.0018606085795909166
xgb_random_oversample,notes_emb_337,0.001313890446908772
xgb_random_oversample,notes_emb_338,0.003985930234193802
xgb_random_oversample,notes_emb_339,0.001684503280557692
xgb_random_oversample,notes_emb_340,0.0009485190385021269
xgb_random_oversample,notes_emb_341,0.0025126675609499216
xgb_random_oversample,notes_emb_342,0.0003876174450851977
xgb_random_oversample,notes_emb_343,0.0025277603417634964
xgb_random_oversample,notes_emb_344,0.000486570643261075
xgb_random_oversample,notes_emb_345,0.0012174418661743402
xgb_random_oversample,notes_emb_346,0.002194490749388933
xgb_random_oversample,notes_emb_347,0.0024023521691560745
xgb_random_oversample,notes_emb_348,0.00034328686888329685
xgb_random_oversample,notes_emb_349,0.0017939775716513395
xgb_random_oversample,notes_emb_350,0.0035185932647436857
xgb_random_oversample,notes_emb_351,0.0006129239336587489
xgb_random_oversample,notes_emb_352,0.002967401873320341
xgb_random_oversample,notes_emb_353,0.0025148815475404263
xgb_random_oversample,notes_emb_354,0.005699485074728727
xgb_random_oversample,notes_emb_355,0.0010164924897253513
xgb_random_oversample,notes_emb_356,0.0017526944866403937
xgb_random_oversample,notes_emb_357,0.00039371909224428236
xgb_random_oversample,notes_emb_358,0.0026668838690966368
xgb_random_oversample,notes_emb_359,0.0007400141330435872
xgb_random_oversample,notes_emb_360,0.0019921567291021347
xgb_random_oversample,notes_emb_361,0.0038893569726496935
xgb_random_oversample,notes_emb_362,0.002127316314727068
xgb_random_oversample,notes_emb_363,0.0036898013204336166
xgb_random_oversample,notes_emb_364,0.0020120195113122463
xgb_random_oversample,notes_emb_365,0.002799338661134243
xgb_random_oversample,notes_emb_366,0.0009739086963236332
xgb_random_oversample,notes_emb_367,0.0030107770580798388
xgb_random_oversample,notes_emb_368,0.003099377965554595
xgb_random_oversample,notes_emb_369,0.0026819806080311537
xgb_random_oversample,notes_emb_370,0.0005319791380316019
xgb_random_oversample,notes_emb_371,0.0007216692320071161
xgb_random_oversample,notes_emb_372,0.0017898876685649157
xgb_random_oversample,notes_emb_373,0.001715653226710856
xgb_random_oversample,notes_emb_374,0.0012717462377622724
xgb_random_oversample,notes_emb_375,0.0017379405908286572
xgb_random_oversample,notes_emb_376,0.00294104334898293
xgb_random_oversample,notes_emb_377,0.0024479092098772526
xgb_random_oversample,notes_emb_378,0.0015206023817881942
xgb_random_oversample,notes_emb_379,0.0005213010590523481
xgb_random_oversample,notes_emb_380,0.001300619449466467
xgb_random_oversample,notes_emb_381,0.00040139941847883165
xgb_random_oversample,notes_emb_382,0.0019296447280794382
xgb_random_oversample,notes_emb_383,0.0007614734931848943
xgb_smote_enn,civilian_targeting,0.026043938472867012
xgb_smote_enn,fatalities,0.06133009120821953
xgb_smote_enn,violence_against_women,0.0
xgb_smote_enn,sub_event_type_Abduction/forced disappearance,0.0
xgb_smote_enn,sub_event_type_Air/drone strike,0.0
xgb_smote_enn,sub_event_type_Armed clash,0.0200559813529253
xgb_smote_enn,sub_event_type_Attack,0.00236117048189044
xgb_smote_enn,sub_event_type_Government regains territory,0.0
xgb_smote_enn,sub_event_type_Grenade,0.0
xgb_smote_enn,sub_event_type_Non-state actor overtakes territory,0.0
xgb_smote_enn,sub_event_type_Remote explosive/landmine/IED,0.0025876453146338463
xgb_smote_enn,sub_event_type_Sexual violence,0.0
xgb_smote_enn,sub_event_type_Shelling/artillery/missile attack,0.0042200842872262
xgb_smote_enn,sub_event_type_Suicide bomb,0.0
xgb_smote_enn,notes_emb_0,0.0007833611452952027
xgb_smote_enn,notes_emb_1,0.0007873598951846361
xgb_smote_enn,notes_emb_2,0.002458237810060382
xgb_smote_enn,notes_emb_3,0.005343873985111713
xgb_smote_enn,notes_emb_4,0.0016528830165043473
xgb_smote_enn,notes_emb_5,0.00014136408572085202
xgb_smote_enn,notes_emb_6,0.0
xgb_smote_enn,notes_emb_7,0.0005100995767861605
xgb_smote_enn,notes_emb_8,0.004510786384344101
xgb_smote_enn,notes_emb_9,0.0009929223451763391
xgb_smote_enn,notes_emb_10,0.0020498039666563272
xgb_smote_enn,notes_emb_11,0.0
xgb_smote_enn,notes_emb_12,0.004129898268729448
xgb_smote_enn,notes_emb_13,0.0
xgb_smote_enn,notes_emb_14,0.0015608631074428558
xgb_smote_enn,notes_emb_15,0.0014376150211319327
xgb_smote_enn,notes_emb_16,0.0018687639385461807
xgb_smote_enn,notes_emb_17,0.002135573187842965
xgb_smote_enn,notes_emb_18,0.0022781984880566597
xgb_smote_enn,notes_emb_19,0.0004149069427512586
xgb_smote_enn,notes_emb_20,0.0022378130815923214
xgb_smote_enn,notes_emb_21,0.001710134674794972
xgb_smote_enn,notes_emb_22,0.0016275417292490602
xgb_smote_enn,notes_emb_23,0.002786136930808425
xgb_smote_enn,notes_emb_24,0.0007972815074026585
xgb_smote_enn,notes_emb_25,0.0010425089858472347
xgb_smote_enn,notes_emb_26,0.0030794795602560043
xgb_smote_enn,notes_emb_27,0.00208225566893816
xgb_smote_enn,notes_emb_28,0.0
xgb_smote_enn,notes_emb_29,0.0009447113261558115
xgb_smote_enn,notes_emb_30,0.0013906714739277959
xgb_smote_enn,notes_emb_31,0.0
xgb_smote_enn,notes_emb_32,0.001984197413548827
xgb_smote_enn,notes_emb_33,0.0011148202465847135
xgb_smote_enn,notes_emb_34,0.00026551567134447396
xgb_smote_enn,notes_emb_35,0.0
xgb_smote_enn,notes_emb_36,0.0
xgb_smote_enn,notes_emb_37,0.0027813634369522333
xgb_smote_enn,notes_emb_38,0.002945349784567952
xgb_smote_enn,notes_emb_39,0.0004934450262226164
xgb_smote_enn,notes_emb_40,0.0014836499467492104
xgb_smote_enn,notes_emb_41,0.0008218018338084221
xgb_smote_enn,notes_emb_42,0.0027675058227032423
xgb_smote_enn,notes_emb_43,0.0
xgb_smote_enn,notes_emb_44,0.008803054690361023
xgb_smote_enn,notes_emb_45,0.0008220185409300029
xgb_smote_enn,notes_emb_46,0.0030583057086914778
xgb_smote_enn,notes_emb_47,0.0006316371727734804
xgb_smote_enn,notes_emb_48,0.0003012564848177135
xgb_smote_enn,notes_emb_49,0.0
xgb_smote_enn,notes_emb_50,0.0019667402375489473
xgb_smote_enn,notes_emb_51,0.0
xgb_smote_enn,notes_emb_52,0.004766808357089758
xgb_smote_enn,notes_emb_53,0.0161531250923872
xgb_smote_enn,notes_emb_54,0.0
xgb_smote_enn,notes_emb_55,0.0
xgb_smote_enn,notes_emb_56,0.0015530666569247842
xgb_smote_enn,notes_emb_57,0.0008079941617324948
xgb_smote_enn,notes_emb_58,0.0
xgb_smote_enn,notes_emb_59,0.0
xgb_smote_enn,notes_emb_60,0.0010486245155334473
xgb_smote_enn,notes_emb_61,0.001729831681586802
xgb_smote_enn,notes_emb_62,4.421568155521527e-05
xgb_smote_enn,notes_emb_63,0.005772898904979229
xgb_smote_enn,notes_emb_64,0.0033400082029402256
xgb_smote_enn,notes_emb_65,0.0094805508852005
xgb_smote_enn,notes_emb_66,0.006319459527730942
xgb_smote_enn,notes_emb_67,0.005606066435575485
xgb_smote_enn,notes_emb_68,0.00197953381575644
xgb_smote_enn,notes_emb_69,0.0026977951638400555
xgb_smote_enn,notes_emb_70,0.0009990936378017068
xgb_smote_enn,notes_emb_71,0.0
xgb_smote_enn,notes_emb_72,0.0028415359556674957
xgb_smote_enn,notes_emb_73,0.0009559679310768843
xgb_smote_enn,notes_emb_74,0.0038979249075055122
xgb_smote_enn,notes_emb_75,0.0012549564708024263
xgb_smote_enn,notes_emb_76,0.0
xgb_smote_enn,notes_emb_77,0.0011019877856597304
xgb_smote_enn,notes_emb_78,0.002718955045565963
xgb_smote_enn,notes_emb_79,0.008855286054313183
xgb_smote_enn,notes_emb_80,0.001569210086017847
xgb_smote_enn,notes_emb_81,0.0008293274440802634
xgb_smote_enn,notes_emb_82,0.003620181465521455
xgb_smote_enn,notes_emb_83,0.0003915559209417552
xgb_smote_enn,notes_emb_84,0.0020199783612042665
xgb_smote_enn,notes_emb_85,0.0
xgb_smote_enn,notes_emb_86,0.00041065498953685164
xgb_smote_enn,notes_emb_87,0.0006538069574162364
xgb_smote_enn,notes_emb_88,0.0036380281671881676
xgb_smote_enn,notes_emb_89,0.002030078787356615
xgb_smote_enn,notes_emb_90,0.0
xgb_smote_enn,notes_emb_91,0.006097711622714996
xgb_smote_enn,notes_emb_92,0.0019616647623479366
xgb_smote_enn,notes_emb_93,0.00046691697207279503
xgb_smote_enn,notes_emb_94,0.00037150891148485243
xgb_smote_enn,notes_emb_95,0.0
xgb_smote_enn,notes_emb_96,0.002412485657259822
xgb_smote_enn,notes_emb_97,0.0031949568074196577
xgb_smote_enn,notes_emb_98,0.0019603560212999582
xgb_smote_enn,notes_emb_99,0.0016355892876163125
xgb_smote_enn,notes_emb_100,0.0031634836923331022
xgb_smote_enn,notes_emb_101,0.02489040419459343
xgb_smote_enn,notes_emb_102,0.0
xgb_smote_enn,notes_emb_103,0.0
xgb_smote_enn,notes_emb_104,0.0024619000032544136
xgb_smote_enn,notes_emb_105,0.0
xgb_smote_enn,notes_emb_106,0.0014607218327000737
xgb_smote_enn,notes_emb_107,0.006308172829449177
xgb_smote_enn,notes_emb_108,0.0
xgb_smote_enn,notes_emb_109,0.0003092326514888555
xgb_smote_enn,notes_emb_110,0.0
xgb_smote_enn,notes_emb_111,0.0011319760233163834
xgb_smote_enn,notes_emb_112,0.004568915814161301
xgb_smote_enn,notes_emb_113,0.0
xgb_smote_enn,notes_emb_114,0.0014969547046348453
xgb_smote_enn,notes_emb_115,0.0019730411004275084
xgb_smote_enn,notes_emb_116,0.001763534382916987
xgb_smote_enn,notes_emb_117,0.004252833314239979
xgb_smote_enn,notes_emb_118,0.0
xgb_smote_enn,notes_emb_119,0.004324141889810562
xgb_smote_enn,notes_emb_120,0.0
xgb_smote_enn,notes_emb_121,0.0006105600041337311
xgb_smote_enn,notes_emb_122,0.0019459956092759967
xgb_smote_enn,notes_emb_123,0.004443599842488766
xgb_smote_enn,notes_emb_124,0.0027064396999776363
xgb_smote_enn,notes_emb_125,6.778767419746146e-05
xgb_smote_enn,notes_emb_126,0.0016641730908304453
xgb_smote_enn,notes_emb_127,0.007407469674944878
xgb_smote_enn,notes_emb_128,0.00023032393073663116
xgb_smote_enn,notes_emb_129,0.0014335261657834053
xgb_smote_enn,notes_emb_130,0.0034180113580077887
xgb_smote_enn,notes_emb_131,0.00015755803906358778
xgb_smote_enn,notes_emb_132,0.0017897901125252247
xgb_smote_enn,notes_emb_133,0.0013797975843772292
xgb_smote_enn,notes_emb_134,0.0
xgb_smote_enn,notes_emb_135,0.008174696937203407
xgb_smote_enn,notes_emb_136,0.002275361679494381
xgb_smote_enn,notes_emb_137,0.001734100398607552
xgb_smote_enn,notes_emb_138,0.00011674092093016952
xgb_smote_enn,notes_emb_139,0.0009581315098330379
xgb_smote_enn,notes_emb_140,0.0004445454687811434
xgb_smote_enn,notes_emb_141,0.0014912260230630636
xgb_smote_enn,notes_emb_142,0.0011371064465492964
xgb_smote_enn,notes_emb_143,0.0008270652615465224
xgb_smote_enn,notes_emb_144,0.0026394736487418413
xgb_smote_enn,notes_emb_145,0.0
xgb_smote_enn,notes_emb_146,0.0017978259129449725
xgb_smote_enn,notes_emb_147,0.0008211344247683883
xgb_smote_enn,notes_emb_148,0.0007549768197350204
xgb_smote_enn,notes_emb_149,0.0005125628085806966
xgb_smote_enn,notes_emb_150,0.0030840071849524975
xgb_smote_enn,notes_emb_151,0.0
xgb_smote_enn,notes_emb_152,0.0008519217371940613
xgb_smote_enn,notes_emb_153,0.0018919227877631783
xgb_smote_enn,notes_emb_154,0.0013910854468122125
xgb_smote_enn,notes_emb_155,0.005393733270466328
xgb_smote_enn,notes_emb_156,0.000583239016123116
xgb_smote_enn,notes_emb_157,0.004130030050873756
xgb_smote_enn,notes_emb_158,0.0
xgb_smote_enn,notes_emb_159,0.0005118101835250854
xgb_smote_enn,notes_emb_160,0.002282906323671341
xgb_smote_enn,notes_emb_161,0.0017209131037816405
xgb_smote_enn,notes_emb_162,0.009631677530705929
xgb_smote_enn,notes_emb_163,0.024591397494077682
xgb_smote_enn,notes_emb_164,0.0
xgb_smote_enn,notes_emb_165,0.003098461776971817
xgb_smote_enn,notes_emb_166,0.0006187931285239756
xgb_smote_enn,notes_emb_167,0.004630085546523333
xgb_smote_enn,notes_emb_168,0.0
xgb_smote_enn,notes_emb_169,0.0005027295555919409
xgb_smote_enn,notes_emb_170,0.0004140016681049019
xgb_smote_enn,notes_emb_171,0.0002963330189231783
xgb_smote_enn,notes_emb_172,0.0004069527785759419
xgb_smote_enn,notes_emb_173,0.002635509707033634
xgb_smote_enn,notes_emb_174,0.0
xgb_smote_enn,notes_emb_175,0.0008534761145710945
xgb_smote_enn,notes_emb_176,0.001215502037666738
xgb_smote_enn,notes_emb_177,0.0
xgb_smote_enn,notes_emb_178,0.001047326484695077
xgb_smote_enn,notes_emb_179,0.002537001622840762
xgb_smote_enn,notes_emb_180,0.0005789988790638745
xgb_smote_enn,notes_emb_181,0.0017562037101015449
xgb_smote_enn,notes_emb_182,0.006618312560021877
xgb_smote_enn,notes_emb_183,0.00019070655980613083
xgb_smote_enn,notes_emb_184,0.000701937242411077
xgb_smote_enn,notes_emb_185,0.0
xgb_smote_enn,notes_emb_186,0.0008176552946679294
xgb_smote_enn,notes_emb_187,0.0017992079956457019
xgb_smote_enn,notes_emb_188,0.008962335996329784
xgb_smote_enn,notes_emb_189,0.0013840572210028768
xgb_smote_enn,notes_emb_190,0.0021807332523167133
xgb_smote_enn,notes_emb_191,0.009536297991871834
xgb_smote_enn,notes_emb_192,0.0
xgb_smote_enn,notes_emb_193,0.002017128746956587
xgb_smote_enn,notes_emb_194,0.0
xgb_smote_enn,notes_emb_195,0.0017818573396652937
xgb_smote_enn,notes_emb_196,0.005530699621886015
xgb_smote_enn,notes_emb_197,0.001422152854502201
xgb_smote_enn,notes_emb_198,0.0031726756133139133
xgb_smote_enn,notes_emb_199,0.0
xgb_smote_enn,notes_emb_200,0.0004188569146208465
xgb_smote_enn,notes_emb_201,0.0
xgb_smote_enn,notes_emb_202,0.0015710151055827737
xgb_smote_enn,notes_emb_203,0.00040825855103321373
xgb_smote_enn,notes_emb_204,0.0
xgb_smote_enn,notes_emb_205,0.0
xgb_smote_enn,notes_emb_206,0.0010736844269558787
xgb_smote_enn,notes_emb_207,0.0011152257211506367
xgb_smote_enn,notes_emb_208,0.0034070531837642193
xgb_smote_enn,notes_emb_209,0.0012825748417526484
xgb_smote_enn,notes_emb_210,0.0
xgb_smote_enn,notes_emb_211,0.0028684386052191257
xgb_smote_enn,notes_emb_212,0.0007957914494909346
xgb_smote_enn,notes_emb_213,0.0
xgb_smote_enn,notes_emb_214,0.0016044240910559893
xgb_smote_enn,notes_emb_215,0.0
xgb_smote_enn,notes_emb_216,0.0020350292325019836
xgb_smote_enn,notes_emb_217,0.008170240558683872
xgb_smote_enn,notes_emb_218,0.0009020529105328023
xgb_smote_enn,notes_emb_219,0.001002781791612506
xgb_smote_enn,notes_emb_220,0.0007063436205498874
xgb_smote_enn,notes_emb_221,0.0
xgb_smote_enn,notes_emb_222,0.0
xgb_smote_enn,notes_emb_223,0.002305986126884818
xgb_smote_enn,notes_emb_224,0.0019608901347965
xgb_smote_enn,notes_emb_225,0.004661666229367256
xgb_smote_enn,notes_emb_226,0.0007714174571447074
xgb_smote_enn,notes_emb_227,0.0009490468073636293
xgb_smote_enn,notes_emb_228,0.0004313043609727174
xgb_smote_enn,notes_emb_229,0.0023686732165515423
xgb_smote_enn,notes_emb_230,0.0
xgb_smote_enn,notes_emb_231,0.0006689988658763468
xgb_smote_enn,notes_emb_232,0.000736628076992929
xgb_smote_enn,notes_emb_233,0.0010841712355613708
xgb_smote_enn,notes_emb_234,0.0002082797436742112
xgb_smote_enn,notes_emb_235,0.00290333922021091
xgb_smote_enn,notes_emb_236,0.002037550788372755
xgb_smote_enn,notes_emb_237,0.0
xgb_smote_enn,notes_emb_238,0.0017533680656924844
xgb_smote_enn,notes_emb_239,0.0012295451015233994
xgb_smote_enn,notes_emb_240,0.0
xgb_smote_enn,notes_emb_241,0.0
xgb_smote_enn,notes_emb_242,0.0023310109972953796
xgb_smote_enn,notes_emb_243,0.0012768844608217478
xgb_smote_enn,notes_emb_244,0.0017705882200971246
xgb_smote_enn,notes_emb_245,0.000686007144395262
xgb_smote_enn,notes_emb_246,0.0049907248467206955
xgb_smote_enn,notes_emb_247,0.005934389308094978
xgb_smote_enn,notes_emb_248,0.0011961633572354913
xgb_smote_enn,notes_emb_249,0.001772868912667036
xgb_smote_enn,notes_emb_250,0.001531423651613295
xgb_smote_enn,notes_emb_251,0.012835334055125713
xgb_smote_enn,notes_emb_252,0.0
xgb_smote_enn,notes_emb_253,0.00991237722337246
xgb_smote_enn,notes_emb_254,0.0015371694462373853
xgb_smote_enn,notes_emb_255,0.014531607739627361
xgb_smote_enn,notes_emb_256,0.004538871813565493
xgb_smote_enn,notes_emb_257,0.0013793109683319926
xgb_smote_enn,notes_emb_258,0.002015537116676569
xgb_smote_enn,notes_emb_259,0.0009415734093636274
xgb_smote_enn,notes_emb_260,0.0009062106255441904
xgb_smote_enn,notes_emb_261,0.0
xgb_smote_enn,notes_emb_262,0.0005962848081253469
xgb_smote_enn,notes_emb_263,0.0022378440480679274
xgb_smote_enn,notes_emb_264,0.012219218537211418
xgb_smote_enn,notes_emb_265,0.0
xgb_smote_enn,notes_emb_266,0.0007096934132277966
xgb_smote_enn,notes_emb_267,0.012903260998427868
xgb_smote_enn,notes_emb_268,0.0002807807468343526
xgb_smote_enn,notes_emb_269,0.008156090043485165
xgb_smote_enn,notes_emb_270,0.0
xgb_smote_enn,notes_emb_271,0.0
xgb_smote_enn,notes_emb_272,0.0067800553515553474
xgb_smote_enn,notes_emb_273,0.02412775717675686
xgb_smote_enn,notes_emb_274,0.00043417123379185796
xgb_smote_enn,notes_emb_275,0.0
xgb_smote_enn,notes_emb_276,0.0022325662430375814
xgb_smote_enn,notes_emb_277,0.0
xgb_smote_enn,notes_emb_278,0.0006022442248649895
xgb_smote_enn,notes_emb_279,0.003743294393643737
xgb_smote_enn,notes_emb_280,0.0010570851154625416
xgb_smote_enn,notes_emb_281,0.0
xgb_smote_enn,notes_emb_282,0.0
xgb_smote_enn,notes_emb_283,0.0
xgb_smote_enn,notes_emb_284,0.0
xgb_smote_enn,notes_emb_285,0.0006254541804082692
xgb_smote_enn,notes_emb_286,0.0
xgb_smote_enn,notes_emb_287,0.002206177683547139
xgb_smote_enn,notes_emb_288,0.0025524061638861895
xgb_smote_enn,notes_emb_289,0.0
xgb_smote_enn,notes_emb_290,0.008170513436198235
xgb_smote_enn,notes_emb_291,0.0007271456415764987
xgb_smote_enn,notes_emb_292,0.0
xgb_smote_enn,notes_emb_293,0.0021047983318567276
xgb_smote_enn,notes_emb_294,0.0029920111410319805
xgb_smote_enn,notes_emb_295,0.0006186342216096818
xgb_smote_enn,notes_emb_296,0.000732074782717973
xgb_smote_enn,notes_emb_297,0.0
xgb_smote_enn,notes_emb_298,0.0018056535627692938
xgb_smote_enn,notes_emb_299,0.0007937991758808494
xgb_smote_enn,notes_emb_300,0.002254186663776636
xgb_smote_enn,notes_emb_301,0.0024634627625346184
xgb_smote_enn,notes_emb_302,0.0034866153728216887
xgb_smote_enn,notes_emb_303,0.00506123760715127
xgb_smote_enn,notes_emb_304,0.000882866617757827
xgb_smote_enn,notes_emb_305,0.0010925686219707131
xgb_smote_enn,notes_emb_306,0.0028750868514180183
xgb_smote_enn,notes_emb_307,0.0010825770441442728
xgb_smote_enn,notes_emb_308,0.003450204385444522
xgb_smote_enn,notes_emb_309,0.0005342729855328798
xgb_smote_enn,notes_emb_310,0.0011160529684275389
xgb_smote_enn,notes_emb_311,0.008092761971056461
xgb_smote_enn,notes_emb_312,0.0074082426726818085
xgb_smote_enn,notes_emb_313,0.0020355586893856525
xgb_smote_enn,notes_emb_314,0.004401510581374168
xgb_smote_enn,notes_emb_315,0.0007310622022487223
xgb_smote_enn,notes_emb_316,0.0019831436220556498
xgb_smote_enn,notes_emb_317,0.0
xgb_smote_enn,notes_emb_318,0.0
xgb_smote_enn,notes_emb_319,0.0019250274635851383
xgb_smote_enn,notes_emb_320,0.001177142490632832
xgb_smote_enn,notes_emb_321,0.004530522506684065
xgb_smote_enn,notes_emb_322,0.0
xgb_smote_enn,notes_emb_323,0.0
xgb_smote_enn,notes_emb_324,0.0017728700768202543
xgb_smote_enn,notes_emb_325,0.0038007928524166346
xgb_smote_enn,notes_emb_326,0.0010157623328268528
xgb_smote_enn,notes_emb_327,0.0028135855682194233
xgb_smote_enn,notes_emb_328,0.012564687058329582
xgb_smote_enn,notes_emb_329,0.0029639662243425846
xgb_smote_enn,notes_emb_330,0.0009456724510528147
xgb_smote_enn,notes_emb_331,0.0022264295257627964
xgb_smote_enn,notes_emb_332,0.0
xgb_smote_enn,notes_emb_333,0.004716533701866865
xgb_smote_enn,notes_emb_334,0.0026466320268809795
xgb_smote_enn,notes_emb_335,0.0005944013246335089
xgb_smote_enn,notes_emb_336,0.0
xgb_smote_enn,notes_emb_337,0.0026030479930341244
xgb_smote_enn,notes_emb_338,0.0014833903405815363
xgb_smote_enn,notes_emb_339,0.0030333243776112795
xgb_smote_enn,notes_emb_340,0.0
xgb_smote_enn,notes_emb_341,0.0
xgb_smote_enn,notes_emb_342,0.0
xgb_smote_enn,notes_emb_343,0.0021484936587512493
xgb_smote_enn,notes_emb_344,0.0035752069670706987
xgb_smote_enn,notes_emb_345,0.003526957705616951
xgb_smote_enn,notes_emb_346,0.0005149171920493245
xgb_smote_enn,notes_emb_347,0.0
xgb_smote_enn,notes_emb_348,0.0
xgb_smote_enn,notes_emb_349,0.024978026747703552
xgb_smote_enn,notes_emb_350,0.005466159898787737
xgb_smote_enn,notes_emb_351,0.0010660921689122915
xgb_smote_enn,notes_emb_352,0.0031743482686579227
xgb_smote_enn,notes_emb_353,0.006993737071752548
xgb_smote_enn,notes_emb_354,0.0020725929643958807
xgb_smote_enn,notes_emb_355,0.0014507273444905877
xgb_smote_enn,notes_emb_356,0.0015821841079741716
xgb_smote_enn,notes_emb_357,0.0
xgb_smote_enn,notes_emb_358,0.0004268420743755996
xgb_smote_enn,notes_emb_359,0.0008259144960902631
xgb_smote_enn,notes_emb_360,0.001570731750689447
xgb_smote_enn,notes_emb_361,0.020387975499033928
xgb_smote_enn,notes_emb_362,0.0005460550310090184
xgb_smote_enn,notes_emb_363,0.001733268378302455
xgb_smote_enn,notes_emb_364,0.0016007752856239676
xgb_smote_enn,notes_emb_365,0.024323519319295883
xgb_smote_enn,notes_emb_366,0.00044293576502241194
xgb_smote_enn,notes_emb_367,0.001378601067699492
xgb_smote_enn,notes_emb_368,0.00037897011497989297
xgb_smote_enn,notes_emb_369,0.004368207883089781
xgb_smote_enn,notes_emb_370,0.0004608761810231954
xgb_smote_enn,notes_emb_371,0.0
xgb_smote_enn,notes_emb_372,0.0
xgb_smote_enn,notes_emb_373,0.0001938926725415513
xgb_smote_enn,notes_emb_374,0.0024048793129622936
xgb_smote_enn,notes_emb_375,0.0
xgb_smote_enn,notes_emb_376,0.0026589015033096075
xgb_smote_enn,notes_emb_377,0.003442983143031597
xgb_smote_enn,notes_emb_378,0.002446336206048727
xgb_smote_enn,notes_emb_379,0.0011001371312886477
xgb_smote_enn,notes_emb_380,9.067954670172185e-05
xgb_smote_enn,notes_emb_381,0.004294152837246656
xgb_smote_enn,notes_emb_382,0.0
xgb_smote_enn,notes_emb_383,0.0010775338159874082
xgb_smote_tomek,civilian_targeting,0.023919938132166862
xgb_smote_tomek,fatalities,0.05090480297803879
xgb_smote_tomek,violence_against_women,0.0
xgb_smote_tomek,sub_event_type_Abduction/forced disappearance,0.0
xgb_smote_tomek,sub_event_type_Air/drone strike,0.0
xgb_smote_tomek,sub_event_type_Armed clash,0.009500096552073956
xgb_smote_tomek,sub_event_type_Attack,0.004697714000940323
xgb_smote_tomek,sub_event_type_Government regains territory,0.0
xgb_smote_tomek,sub_event_type_Grenade,0.0
xgb_smote_tomek,sub_event_type_Non-state actor overtakes territory,0.0
xgb_smote_tomek,sub_event_type_Remote explosive/landmine/IED,0.008183032274246216
xgb_smote_tomek,sub_event_type_Sexual violence,0.0
xgb_smote_tomek,sub_event_type_Shelling/artillery/missile attack,0.012002144940197468
xgb_smote_tomek,sub_event_type_Suicide bomb,0.0
xgb_smote_tomek,notes_emb_0,0.0012394551886245608
xgb_smote_tomek,notes_emb_1,0.0007371529936790466
xgb_smote_tomek,notes_emb_2,0.0031249825842678547
xgb_smote_tomek,notes_emb_3,0.006327077746391296
xgb_smote_tomek,notes_emb_4,0.0016774549148976803
xgb_smote_tomek,notes_emb_5,0.0039655729196965694
xgb_smote_tomek,notes_emb_6,0.0027810977771878242
xgb_smote_tomek,notes_emb_7,0.002716019982472062
xgb_smote_tomek,notes_emb_8,0.0030006126035004854
xgb_smote_tomek,notes_emb_9,0.001416029641404748
xgb_smote_tomek,notes_emb_10,0.0009890225483104587
xgb_smote_tomek,notes_emb_11,0.001290398184210062
xgb_smote_tomek,notes_emb_12,0.0018526514759287238
xgb_smote_tomek,notes_emb_13,0.0011389084393158555
xgb_smote_tomek,notes_emb_14,0.003996930550783873
xgb_smote_tomek,notes_emb_15,0.0009416501270607114
xgb_smote_tomek,notes_emb_16,0.0008152681984938681
xgb_smote_tomek,notes_emb_17,0.0015224384842440486
xgb_smote_tomek,notes_emb_18,0.001166772679425776
xgb_smote_tomek,notes_emb_19,0.0005497289239428937
xgb_smote_tomek,notes_emb_20,0.0020522598642855883
xgb_smote_tomek,notes_emb_21,0.0011760215274989605
xgb_smote_tomek,notes_emb_22,0.001995908562093973
xgb_smote_tomek,notes_emb_23,0.0025416689459234476
xgb_smote_tomek,notes_emb_24,0.003457136917859316
xgb_smote_tomek,notes_emb_25,0.0025717723183333874
xgb_smote_tomek,notes_emb_26,0.0017470262246206403
xgb_smote_tomek,notes_emb_27,0.0019472248386591673
xgb_smote_tomek,notes_emb_28,0.0025605829432606697
xgb_smote_tomek,notes_emb_29,0.0025222052354365587
xgb_smote_tomek,notes_emb_30,0.0028404786717146635
xgb_smote_tomek,notes_emb_31,0.0013360428856685758
xgb_smote_tomek,notes_emb_32,0.0012750976020470262
xgb_smote_tomek,notes_emb_33,0.0008839430520310998
xgb_smote_tomek,notes_emb_34,0.0017015454359352589
xgb_smote_tomek,notes_emb_35,0.0005356571055017412
xgb_smote_tomek,notes_emb_36,0.0001873233268270269
xgb_smote_tomek,notes_emb_37,0.0007096920162439346
xgb_smote_tomek,notes_emb_38,0.0015377739910036325
xgb_smote_tomek,notes_emb_39,0.001461482373997569
xgb_smote_tomek,notes_emb_40,0.0018660860368981957
xgb_smote_tomek,notes_emb_41,0.0029552944470196962
xgb_smote_tomek,notes_emb_42,0.0014040293172001839
xgb_smote_tomek,notes_emb_43,0.0009276984492316842
xgb_smote_tomek,notes_emb_44,0.003961749840527773
xgb_smote_tomek,notes_emb_45,0.001218981808051467
xgb_smote_tomek,notes_emb_46,0.001163363573141396
xgb_smote_tomek,notes_emb_47,0.0013098301133140922
xgb_smote_tomek,notes_emb_48,0.0026881908997893333
xgb_smote_tomek,notes_emb_49,0.0053666699677705765
xgb_smote_tomek,notes_emb_50,0.0011729057878255844
xgb_smote_tomek,notes_emb_51,0.0019309931667521596
xgb_smote_tomek,notes_emb_52,0.0021294006146490574
xgb_smote_tomek,notes_emb_53,0.006448263768106699
xgb_smote_tomek,notes_emb_54,0.0007166235591284931
xgb_smote_tomek,notes_emb_55,0.00029051568708382547
xgb_smote_tomek,notes_emb_56,0.002034559613093734
xgb_smote_tomek,notes_emb_57,0.001450607436709106
xgb_smote_tomek,notes_emb_58,0.0010749727953225374
xgb_smote_tomek,notes_emb_59,0.0006640263018198311
xgb_smote_tomek,notes_emb_60,0.0013592378236353397
xgb_smote_tomek,notes_emb_61,0.0019182345131412148
xgb_smote_tomek,notes_emb_62,0.00016298270202241838
xgb_smote_tomek,notes_emb_63,0.0024906087201088667
xgb_smote_tomek,notes_emb_64,0.001628923462703824
xgb_smote_tomek,notes_emb_65,0.0027365072164684534
xgb_smote_tomek,notes_emb_66,0.0034437242429703474
xgb_smote_tomek,notes_emb_67,0.0025199141819030046
xgb_smote_tomek,notes_emb_68,0.0023916647769510746
xgb_smote_tomek,notes_emb_69,0.00241000484675169
xgb_smote_tomek,notes_emb_70,0.0018880635034292936
xgb_smote_tomek,notes_emb_71,0.007270338945090771
xgb_smote_tomek,notes_emb_72,0.0035075657069683075
xgb_smote_tomek,notes_emb_73,0.001146484981290996
xgb_smote_tomek,notes_emb_74,0.003062182106077671
xgb_smote_tomek,notes_emb_75,0.0030556742567569017
xgb_smote_tomek,notes_emb_76,0.001914281747303903
xgb_smote_tomek,notes_emb_77,0.0004907544353045523
xgb_smote_tomek,notes_emb_78,0.0012934448895975947
xgb_smote_tomek,notes_emb_79,0.0016704712761566043
xgb_smote_tomek,notes_emb_80,0.003197700483724475
xgb_smote_tomek,notes_emb_81,0.0034363337326794863
xgb_smote_tomek,notes_emb_82,0.003183408873155713
xgb_smote_tomek,notes_emb_83,0.0014455043710768223
xgb_smote_tomek,notes_emb_84,0.004311112686991692
xgb_smote_tomek,notes_emb_85,0.00024045274767559022
xgb_smote_tomek,notes_emb_86,0.0013182474067434669
xgb_smote_tomek,notes_emb_87,0.0025740251876413822
xgb_smote_tomek,notes_emb_88,0.0014689266681671143
xgb_smote_tomek,notes_emb_89,0.001504980493336916
xgb_smote_tomek,notes_emb_90,0.00043170529534108937
xgb_smote_tomek,notes_emb_91,0.0027381647378206253
xgb_smote_tomek,notes_emb_92,0.003046304453164339
xgb_smote_tomek,notes_emb_93,0.006219483911991119
xgb_smote_tomek,notes_emb_94,0.0016055762534961104
xgb_smote_tomek,notes_emb_95,0.002215661108493805
xgb_smote_tomek,notes_emb_96,0.0006298286025412381
xgb_smote_tomek,notes_emb_97,0.0014035283820703626
xgb_smote_tomek,notes_emb_98,0.004492215812206268
xgb_smote_tomek,notes_emb_99,0.0006226710975170135
xgb_smote_tomek,notes_emb_100,0.0023366915993392467
xgb_smote_tomek,notes_emb_101,0.022118866443634033
xgb_smote_tomek,notes_emb_102,0.008453349582850933
xgb_smote_tomek,notes_emb_103,0.001509958878159523
xgb_smote_tomek,notes_emb_104,0.0008209903608076274
xgb_smote_tomek,notes_emb_105,0.00036003152490593493
xgb_smote_tomek,notes_emb_106,0.003372341860085726
xgb_smote_tomek,notes_emb_107,0.008853696286678314
xgb_smote_tomek,notes_emb_108,0.0019417301518842578
xgb_smote_tomek,notes_emb_109,0.0015932887326925993
xgb_smote_tomek,notes_emb_110,0.0012515682028606534
xgb_smote_tomek,notes_emb_111,0.001628551515750587
xgb_smote_tomek,notes_emb_112,0.0028865484055131674
xgb_smote_tomek,notes_emb_113,0.0008594350656494498
xgb_smote_tomek,notes_emb_114,0.0013892526039853692
xgb_smote_tomek,notes_emb_115,0.0019189504673704505
xgb_smote_tomek,notes_emb_116,0.0036201358307152987
xgb_smote_tomek,notes_emb_117,0.002625353168696165
xgb_smote_tomek,notes_emb_118,0.0017846758710220456
xgb_smote_tomek,notes_emb_119,0.005030336789786816
xgb_smote_tomek,notes_emb_120,0.0037384757306426764
xgb_smote_tomek,notes_emb_121,0.0008219053852371871
xgb_smote_tomek,notes_emb_122,0.001694263657554984
xgb_smote_tomek,notes_emb_123,0.001868490711785853
xgb_smote_tomek,notes_emb_124,0.0006906358175911009
xgb_smote_tomek,notes_emb_125,0.0023130609188228846
xgb_smote_tomek,notes_emb_126,0.0022178462240844965
xgb_smote_tomek,notes_emb_127,0.00510228518396616
xgb_smote_tomek,notes_emb_128,0.002246490679681301
xgb_smote_tomek,notes_emb_129,0.001344975782558322
xgb_smote_tomek,notes_emb_130,0.0014867541613057256
xgb_smote_tomek,notes_emb_131,0.0010746116749942303
xgb_smote_tomek,notes_emb_132,0.00462595047429204
xgb_smote_tomek,notes_emb_133,0.0003013292734976858
xgb_smote_tomek,notes_emb_134,0.0019087144173681736
xgb_smote_tomek,notes_emb_135,0.00016813063120935112
xgb_smote_tomek,notes_emb_136,0.00289294496178627
xgb_smote_tomek,notes_emb_137,0.00296098948456347
xgb_smote_tomek,notes_emb_138,0.002818011213093996
xgb_smote_tomek,notes_emb_139,0.002905831206589937
xgb_smote_tomek,notes_emb_140,0.004146232735365629
xgb_smote_tomek,notes_emb_141,0.0006757042137905955
xgb_smote_tomek,notes_emb_142,0.0037395243998616934
xgb_smote_tomek,notes_emb_143,0.0026147630997002125
xgb_smote_tomek,notes_emb_144,0.002228096127510071
xgb_smote_tomek,notes_emb_145,0.0017830334836617112
xgb_smote_tomek,notes_emb_146,0.0014406295958906412
xgb_smote_tomek,notes_emb_147,0.0019071808783337474
xgb_smote_tomek,notes_emb_148,0.0007309397915378213
xgb_smote_tomek,notes_emb_149,9.724465780891478e-05
xgb_smote_tomek,notes_emb_150,0.001950406818650663
xgb_smote_tomek,notes_emb_151,0.0015813595382496715
xgb_smote_tomek,notes_emb_152,0.00045683421194553375
xgb_smote_tomek,notes_emb_153,0.001661033951677382
xgb_smote_tomek,notes_emb_154,0.0018596068257465959
xgb_smote_tomek,notes_emb_155,0.005861551966518164
xgb_smote_tomek,notes_emb_156,0.0014174515381455421
xgb_smote_tomek,notes_emb_157,0.006701996084302664
xgb_smote_tomek,notes_emb_158,0.0017460138769820333
xgb_smote_tomek,notes_emb_159,0.000971562578342855
xgb_smote_tomek,notes_emb_160,0.0007055624155327678
xgb_smote_tomek,notes_emb_161,0.007235887926071882
xgb_smote_tomek,notes_emb_162,0.007917889393866062
xgb_smote_tomek,notes_emb_163,0.008468231186270714
xgb_smote_tomek,notes_emb_164,0.0009948270162567496
xgb_smote_tomek,notes_emb_165,0.004080155398696661
xgb_smote_tomek,notes_emb_166,0.0007185445283539593
xgb_smote_tomek,notes_emb_167,0.0025483369827270508
xgb_smote_tomek,notes_emb_168,0.0004076874756719917
xgb_smote_tomek,notes_emb_169,0.004411557223647833
xgb_smote_tomek,notes_emb_170,0.0006794016808271408
xgb_smote_tomek,notes_emb_171,0.0012961863540112972
xgb_smote_tomek,notes_emb_172,0.0013338032877072692
xgb_smote_tomek,notes_emb_173,0.001336921937763691
xgb_smote_tomek,notes_emb_174,0.0015381305711343884
xgb_smote_tomek,notes_emb_175,0.0016287743346765637
xgb_smote_tomek,notes_emb_176,0.0007799048908054829
xgb_smote_tomek,notes_emb_177,0.0018043002346530557
xgb_smote_tomek,notes_emb_178,0.00211155042052269
xgb_smote_tomek,notes_emb_179,0.002114328322932124
xgb_smote_tomek,notes_emb_180,0.00046644508256576955
xgb_smote_tomek,notes_emb_181,0.001565400860272348
xgb_smote_tomek,notes_emb_182,0.0010115301702171564
xgb_smote_tomek,notes_emb_183,0.0016797109274193645
xgb_smote_tomek,notes_emb_184,0.0016879821196198463
xgb_smote_tomek,notes_emb_185,0.000582668639253825
xgb_smote_tomek,notes_emb_186,0.002729459200054407
xgb_smote_tomek,notes_emb_187,0.0015174036379903555
xgb_smote_tomek,notes_emb_188,0.006458420306444168
xgb_smote_tomek,notes_emb_189,0.004083160776644945
xgb_smote_tomek,notes_emb_190,0.0022089050617069006
xgb_smote_tomek,notes_emb_191,0.002793561667203903
xgb_smote_tomek,notes_emb_192,0.0006820039125159383
xgb_smote_tomek,notes_emb_193,0.0013015220174565911
xgb_smote_tomek,notes_emb_194,0.004249472636729479
xgb_smote_tomek,notes_emb_195,0.0018069897778332233
xgb_smote_tomek,notes_emb_196,0.005329832900315523
xgb_smote_tomek,notes_emb_197,0.0005772305885329843
xgb_smote_tomek,notes_emb_198,0.0027677069883793592
xgb_smote_tomek,notes_emb_199,0.0003810230118688196
xgb_smote_tomek,notes_emb_200,0.0017182707088068128
xgb_smote_tomek,notes_emb_201,0.0007781384629197419
xgb_smote_tomek,notes_emb_202,0.000751930580008775
xgb_smote_tomek,notes_emb_203,0.004651855677366257
xgb_smote_tomek,notes_emb_204,0.0020098828244954348
xgb_smote_tomek,notes_emb_205,0.0013259472325444221
xgb_smote_tomek,notes_emb_206,0.0015337200602516532
xgb_smote_tomek,notes_emb_207,0.002669589128345251
xgb_smote_tomek,notes_emb_208,0.0010898871114477515
xgb_smote_tomek,notes_emb_209,0.0013151329476386309
xgb_smote_tomek,notes_emb_210,0.0020185080356895924
xgb_smote_tomek,notes_emb_211,0.0014128098264336586
xgb_smote_tomek,notes_emb_212,0.003677833592519164
xgb_smote_tomek,notes_emb_213,0.0010602404363453388
xgb_smote_tomek,notes_emb_214,0.0022570535074919462
xgb_smote_tomek,notes_emb_215,0.0009467662312090397
xgb_smote_tomek,notes_emb_216,0.001163177890703082
xgb_smote_tomek,notes_emb_217,0.0021677277982234955
xgb_smote_tomek,notes_emb_218,0.00017439486691728234
xgb_smote_tomek,notes_emb_219,0.0018868509214371443
xgb_smote_tomek,notes_emb_220,0.0019333710661157966
xgb_smote_tomek,notes_emb_221,0.002503215102478862
xgb_smote_tomek,notes_emb_222,0.0007282359292730689
xgb_smote_tomek,notes_emb_223,0.0036326744593679905
xgb_smote_tomek,notes_emb_224,0.0013326986227184534
xgb_smote_tomek,notes_emb_225,0.008223695680499077
xgb_smote_tomek,notes_emb_226,0.001347401412203908
xgb_smote_tomek,notes_emb_227,0.001132324687205255
xgb_smote_tomek,notes_emb_228,0.00042015709914267063
xgb_smote_tomek,notes_emb_229,0.004089121241122484
xgb_smote_tomek,notes_emb_230,0.00482343090698123
xgb_smote_tomek,notes_emb_231,0.002427883679047227
xgb_smote_tomek,notes_emb_232,0.0006772234919480979
xgb_smote_tomek,notes_emb_233,0.00019200827227905393
xgb_smote_tomek,notes_emb_234,0.0010086422553285956
xgb_smote_tomek,notes_emb_235,0.0022221326362341642
xgb_smote_tomek,notes_emb_236,0.003580932505428791
xgb_smote_tomek,notes_emb_237,0.004540580324828625
xgb_smote_tomek,notes_emb_238,0.002212463179603219
xgb_smote_tomek,notes_emb_239,0.0007359012961387634
xgb_smote_tomek,notes_emb_240,0.002932456787675619
xgb_smote_tomek,notes_emb_241,0.001606545876711607
xgb_smote_tomek,notes_emb_242,0.001273512840270996
xgb_smote_tomek,notes_emb_243,0.0016011737752705812
xgb_smote_tomek,notes_emb_244,0.0014840837102383375
xgb_smote_tomek,notes_emb_245,0.0014448155416175723
xgb_smote_tomek,notes_emb_246,0.003007567021995783
xgb_smote_tomek,notes_emb_247,0.0036182268522679806
xgb_smote_tomek,notes_emb_248,0.0014312980929389596
xgb_smote_tomek,notes_emb_249,0.0037771326024085283
xgb_smote_tomek,notes_emb_250,0.0008511877385899425
xgb_smote_tomek,notes_emb_251,0.003679212648421526
xgb_smote_tomek,notes_emb_252,0.003306883154436946
xgb_smote_tomek,notes_emb_253,0.009310220368206501
xgb_smote_tomek,notes_emb_254,0.0026090857572853565
xgb_smote_tomek,notes_emb_255,0.009462461806833744
xgb_smote_tomek,notes_emb_256,0.0033442762214690447
xgb_smote_tomek,notes_emb_257,0.0007931426516734064
xgb_smote_tomek,notes_emb_258,0.002547004260122776
xgb_smote_tomek,notes_emb_259,0.000744692690204829
xgb_smote_tomek,notes_emb_260,0.0012265394907444715
xgb_smote_tomek,notes_emb_261,0.0007761023007333279
xgb_smote_tomek,notes_emb_262,0.00037869339575991035
xgb_smote_tomek,notes_emb_263,0.003358895890414715
xgb_smote_tomek,notes_emb_264,0.0001441794738639146
xgb_smote_tomek,notes_emb_265,0.0006116510485298932
xgb_smote_tomek,notes_emb_266,0.002324718749150634
xgb_smote_tomek,notes_emb_267,0.008684526197612286
xgb_smote_tomek,notes_emb_268,0.0009598860051482916
xgb_smote_tomek,notes_emb_269,0.00446136761456728
xgb_smote_tomek,notes_emb_270,0.0016959697240963578
xgb_smote_tomek,notes_emb_271,0.0014898702502250671
xgb_smote_tomek,notes_emb_272,0.007200205698609352
xgb_smote_tomek,notes_emb_273,0.01147081796079874
xgb_smote_tomek,notes_emb_274,0.0010656907688826323
xgb_smote_tomek,notes_emb_275,0.002503755036741495
xgb_smote_tomek,notes_emb_276,0.0005163863534107804
xgb_smote_tomek,notes_emb_277,0.001971488818526268
xgb_smote_tomek,notes_emb_278,0.003593684872612357
xgb_smote_tomek,notes_emb_279,0.0019210553728044033
xgb_smote_tomek,notes_emb_280,0.0024428791366517544
xgb_smote_tomek,notes_emb_281,0.002940388163551688
xgb_smote_tomek,notes_emb_282,0.001486042165197432
xgb_smote_tomek,notes_emb_283,0.0015039631398394704
xgb_smote_tomek,notes_emb_284,0.0023764250800013542
xgb_smote_tomek,notes_emb_285,0.0012750283349305391
xgb_smote_tomek,notes_emb_286,0.0009642028016969562
xgb_smote_tomek,notes_emb_287,0.004791243001818657
xgb_smote_tomek,notes_emb_288,0.001157577382400632
xgb_smote_tomek,notes_emb_289,0.0013151617022231221
xgb_smote_tomek,notes_emb_290,0.0017811127472668886
xgb_smote_tomek,notes_emb_291,0.002198302187025547
xgb_smote_tomek,notes_emb_292,0.001585491350851953
xgb_smote_tomek,notes_emb_293,0.0005681425682269037
xgb_smote_tomek,notes_emb_294,0.0025861836038529873
xgb_smote_tomek,notes_emb_295,0.0007001079502515495
xgb_smote_tomek,notes_emb_296,0.002197270281612873
xgb_smote_tomek,notes_emb_297,0.00037456402787938714
xgb_smote_tomek,notes_emb_298,0.002395465038716793
xgb_smote_tomek,notes_emb_299,0.000870679272338748
xgb_smote_tomek,notes_emb_300,0.0005903108976781368
xgb_smote_tomek,notes_emb_301,0.001361250877380371
xgb_smote_tomek,notes_emb_302,0.002093927701935172
xgb_smote_tomek,notes_emb_303,0.002854097168892622
xgb_smote_tomek,notes_emb_304,0.000644563406240195
xgb_smote_tomek,notes_emb_305,0.0003772564814426005
xgb_smote_tomek,notes_emb_306,0.0009008374763652682
xgb_smote_tomek,notes_emb_307,0.0020180977880954742
xgb_smote_tomek,notes_emb_308,0.0019223144045099616
xgb_smote_tomek,notes_emb_309,0.0018961267778649926
xgb_smote_tomek,notes_emb_310,0.002166791120544076
xgb_smote_tomek,notes_emb_311,0.0018893551314249635
xgb_smote_tomek,notes_emb_312,0.004935313016176224
xgb_smote_tomek,notes_emb_313,0.0027814095374196768
xgb_smote_tomek,notes_emb_314,0.0026617981493473053
xgb_smote_tomek,notes_emb_315,0.0014722727937623858
xgb_smote_tomek,notes_emb_316,0.0013471294660121202
xgb_smote_tomek,notes_emb_317,0.0009940379532054067
xgb_smote_tomek,notes_emb_318,0.001528809079900384
xgb_smote_tomek,notes_emb_319,0.001357291592285037
xgb_smote_tomek,notes_emb_320,0.0023257110733538866
xgb_smote_tomek,notes_emb_321,0.0017879612278193235
xgb_smote_tomek,notes_emb_322,0.0015430980129167438
xgb_smote_tomek,notes_emb_323,0.00106609461363405
xgb_smote_tomek,notes_emb_324,0.0006061365129426122
xgb_smote_tomek,notes_emb_325,0.005623457487672567
xgb_smote_tomek,notes_emb_326,0.0012880483409389853
xgb_smote_tomek,notes_emb_327,0.003049553604796529
xgb_smote_tomek,notes_emb_328,0.005184721667319536
xgb_smote_tomek,notes_emb_329,0.0019082213984802365
xgb_smote_tomek,notes_emb_330,0.0033440669067204
xgb_smote_tomek,notes_emb_331,0.002665691077709198
xgb_smote_tomek,notes_emb_332,0.0015667480183765292
xgb_smote_tomek,notes_emb_333,0.0007511007715947926
xgb_smote_tomek,notes_emb_334,0.0016958361957222223
xgb_smote_tomek,notes_emb_335,0.0005943793221376836
xgb_smote_tomek,notes_emb_336,0.001824057544581592
xgb_smote_tomek,notes_emb_337,0.0025090917479246855
xgb_smote_tomek,notes_emb_338,0.0026139935944229364
xgb_smote_tomek,notes_emb_339,0.00161293288692832
xgb_smote_tomek,notes_emb_340,0.002551846206188202
xgb_smote_tomek,notes_emb_341,0.0011571116046980023
xgb_smote_tomek,notes_emb_342,0.0014759214827790856
xgb_smote_tomek,notes_emb_343,0.005815076641738415
xgb_smote_tomek,notes_emb_344,0.002863147994503379
xgb_smote_tomek,notes_emb_345,0.002785530872642994
xgb_smote_tomek,notes_emb_346,0.000600469415076077
xgb_smote_tomek,notes_emb_347,0.0025599312502890825
xgb_smote_tomek,notes_emb_348,0.0018094676779583097
xgb_smote_tomek,notes_emb_349,0.009216283448040485
xgb_smote_tomek,notes_emb_350,0.0007653889479115605
xgb_smote_tomek,notes_emb_351,0.0011011825408786535
xgb_smote_tomek,notes_emb_352,0.0016987340059131384
xgb_smote_tomek,notes_emb_353,0.00024789205053821206
xgb_smote_tomek,notes_emb_354,0.003987816162407398
xgb_smote_tomek,notes_emb_355,0.0020891507156193256
xgb_smote_tomek,notes_emb_356,0.002090020338073373
xgb_smote_tomek,notes_emb_357,0.001224395353347063
xgb_smote_tomek,notes_emb_358,0.001288609579205513
xgb_smote_tomek,notes_emb_359,0.00198704213835299
xgb_smote_tomek,notes_emb_360,0.0012354629579931498
xgb_smote_tomek,notes_emb_361,0.0006859414861537516
xgb_smote_tomek,notes_emb_362,0.0022388247307389975
xgb_smote_tomek,notes_emb_363,0.0012127445079386234
xgb_smote_tomek,notes_emb_364,0.010481324978172779
xgb_smote_tomek,notes_emb_365,0.014489519409835339
xgb_smote_tomek,notes_emb_366,0.002335907192900777
xgb_smote_tomek,notes_emb_367,0.0008809044375084341
xgb_smote_tomek,notes_emb_368,0.0017928228480741382
xgb_smote_tomek,notes_emb_369,0.001563997007906437
xgb_smote_tomek,notes_emb_370,0.0019341065781190991
xgb_smote_tomek,notes_emb_371,0.008073006756603718
xgb_smote_tomek,notes_emb_372,0.002066269749775529
xgb_smote_tomek,notes_emb_373,0.0005670264363288879
xgb_smote_tomek,notes_emb_374,0.0005698479944840074
xgb_smote_tomek,notes_emb_375,0.0013252669014036655
xgb_smote_tomek,notes_emb_376,0.0010528531856834888
xgb_smote_tomek,notes_emb_377,0.002952104201540351
xgb_smote_tomek,notes_emb_378,0.0037145763635635376
xgb_smote_tomek,notes_emb_379,0.0019901420455425978
xgb_smote_tomek,notes_emb_380,0.0016611715545877814
xgb_smote_tomek,notes_emb_381,0.00034938863245770335
xgb_smote_tomek,notes_emb_382,0.0006636567413806915
xgb_smote_tomek,notes_emb_383,0.000609240320045501
